id,label
0,6
1,4
2,10
3,9
4,7
5,2
6,7
7,10
8,5
9,9
10,2
11,10
12,4
13,3
14,2
15,4
16,9
17,2
18,5
19,9
20,11
21,7
22,8
23,1
24,8
25,4
26,4
27,1
28,2
29,1
30,7
31,2
32,3
33,1
34,8
35,2
36,2
37,2
38,4
39,7
40,2
41,10
42,5
43,11
44,8
45,2
46,5
47,10
48,4
49,4
50,10
51,4
52,3
53,5
54,7
55,5
56,10
57,10
58,3
59,7
60,1
61,11
62,2
63,3
64,4
65,2
66,2
67,2
68,6
69,11
70,8
71,1
72,10
73,2
74,3
75,8
76,4
77,2
78,8
79,11
80,10
81,10
82,11
83,1
84,8
85,7
86,8
87,8
88,9
89,11
90,8
91,7
92,3
93,4
94,10
95,5
96,7
97,2
98,8
99,9
100,3
101,10
102,4
103,7
104,3
105,2
106,11
107,8
108,3
109,6
110,4
111,5
112,6
113,3
114,4
115,11
116,8
117,3
118,9
119,8
120,10
121,10
122,8
123,5
124,3
125,1
126,10
127,10
128,8
129,4
130,9
131,4
132,1
133,6
134,9
135,8
136,9
137,4
138,7
139,11
140,8
141,4
142,4
143,11
144,8
145,6
146,6
147,9
148,7
149,2
150,10
151,7
152,6
153,7
154,5
155,3
156,1
157,2
158,11
159,11
160,8
161,3
162,9
163,8
164,3
165,3
166,1
167,7
168,11
169,3
170,10
171,6
172,5
173,6
174,6
175,10
176,2
177,2
178,8
179,1
180,8
181,11
182,10
183,1
184,10
185,10
186,1
187,5
188,11
189,3
190,6
191,11
192,6
193,1
194,2
195,11
196,8
197,4
198,1
199,8
200,6
201,3
202,5
203,1
204,7
205,2
206,10
207,9
208,10
209,8
210,9
211,3
212,7
213,3
214,1
215,11
216,4
217,8
218,10
219,8
220,1
221,2
222,8
223,10
224,10
225,11
226,2
227,2
228,9
229,5
230,10
231,3
232,6
233,8
234,2
235,1
236,1
237,10
238,8
239,4
240,5
241,7
242,2
243,10
244,3
245,6
246,3
247,9
248,4
249,6
250,9
251,6
252,7
253,11
254,7
255,9
256,2
257,10
258,11
259,4
260,8
261,9
262,11
263,1
264,4
265,6
266,10
267,5
268,10
269,11
270,9
271,9
272,9
273,2
274,10
275,7
276,7
277,2
278,7
279,10
280,1
281,8
282,2
283,4
284,10
285,6
286,11
287,5
288,9
289,10
290,7
291,8
292,2
293,8
294,9
295,3
296,4
297,11
298,10
299,2
300,8
301,2
302,11
303,7
304,1
305,7
306,2
307,1
308,1
309,8
310,11
311,4
312,7
313,8
314,4
315,6
316,11
317,10
318,4
319,2
320,2
321,2
322,8
323,3
324,8
325,9
326,8
327,11
328,6
329,2
330,4
331,10
332,9
333,8
334,9
335,11
336,11
337,7
338,7
339,7
340,8
341,1
342,2
343,2
344,1
345,1
346,11
347,2
348,9
349,1
350,2
351,2
352,5
353,9
354,5
355,1
356,1
357,9
358,5
359,4
360,2
361,7
362,5
363,7
364,2
365,3
366,2
367,2
368,5
369,10
370,2
371,3
372,9
373,8
374,6
375,4
376,9
377,2
378,2
379,6
380,7
381,1
382,1
383,3
384,11
385,5
386,6
387,9
388,2
389,1
390,3
391,3
392,10
393,3
394,1
395,3
396,4
397,11
398,7
399,1
400,1
401,11
402,3
403,11
404,6
405,3
406,3
407,8
408,11
409,11
410,10
411,3
412,1
413,5
414,11
415,1
416,7
417,6
418,8
419,5
420,11
421,6
422,11
423,6
424,10
425,3
426,8
427,9
428,6
429,2
430,10
431,9
432,8
433,3
434,9
435,8
436,1
437,1
438,1
439,3
440,8
441,11
442,1
443,10
444,7
445,9
446,3
447,5
448,2
449,6
450,2
451,6
452,1
453,10
454,10
455,1
456,3
457,2
458,8
459,9
460,5
461,10
462,7
463,5
464,7
465,4
466,1
467,1
468,3
469,8
470,3
471,1
472,11
473,10
474,6
475,3
476,10
477,10
478,8
479,1
480,9
481,3
482,4
483,6
484,8
485,9
486,6
487,2
488,2
489,5
490,8
491,4
492,3
493,2
494,2
495,9
496,3
497,1
498,9
499,1
500,1
501,10
502,1
503,2
504,11
505,7
506,3
507,7
508,2
509,9
510,6
511,2
512,2
513,3
514,9
515,1
516,8
517,11
518,2
519,5
520,7
521,9
522,3
523,7
524,3
525,11
526,8
527,1
528,11
529,11
530,1
531,11
532,9
533,1
534,10
535,6
536,6
537,9
538,9
539,11
540,11
541,9
542,9
543,3
544,10
545,7
546,10
547,6
548,9
549,2
550,11
551,3
552,11
553,9
554,4
555,7
556,7
557,3
558,2
559,7
560,8
561,10
562,1
563,10
564,10
565,3
566,10
567,9
568,9
569,4
570,8
571,11
572,8
573,8
574,11
575,8
576,2
577,2
578,10
579,9
580,5
581,3
582,7
583,8
584,2
585,11
586,8
587,7
588,1
589,10
590,11
591,10
592,7
593,3
594,8
595,4
596,3
597,11
598,11
599,4
600,9
601,9
602,4
603,9
604,5
605,6
606,7
607,9
608,11
609,6
610,10
611,1
612,9
613,7
614,2
615,9
616,8
617,9
618,1
619,2
620,11
621,3
622,4
623,2
624,11
625,2
626,5
627,4
628,8
629,7
630,9
631,7
632,1
633,10
634,4
635,6
636,9
637,2
638,2
639,3
640,10
641,8
642,7
643,7
644,2
645,2
646,2
647,5
648,1
649,9
650,2
651,2
652,7
653,7
654,3
655,4
656,5
657,2
658,10
659,9
660,7
661,9
662,10
663,8
664,9
665,11
666,9
667,1
668,8
669,3
670,8
671,9
672,11
673,9
674,1
675,5
676,6
677,10
678,1
679,7
680,2
681,9
682,1
683,5
684,1
685,8
686,11
687,7
688,10
689,2
690,4
691,1
692,6
693,10
694,9
695,10
696,6
697,4
698,9
699,9
700,11
701,1
702,6
703,10
704,8
705,8
706,9
707,3
708,5
709,7
710,10
711,8
712,5
713,1
714,2
715,1
716,1
717,3
718,6
719,11
720,9
721,2
722,9
723,1
724,2
725,5
726,11
727,2
728,2
729,5
730,10
731,8
732,4
733,7
734,5
735,10
736,8
737,3
738,2
739,2
740,1
741,9
742,8
743,2
744,7
745,5
746,1
747,6
748,1
749,6
750,11
751,1
752,4
753,1
754,11
755,8
756,2
757,8
758,2
759,5
760,4
761,1
762,11
763,9
764,9
765,9
766,11
767,1
768,10
769,6
770,9
771,8
772,3
773,3
774,10
775,2
776,7
777,4
778,4
779,2
780,10
781,1
782,1
783,7
784,2
785,7
786,2
787,11
788,6
789,5
790,1
791,2
792,9
793,7
794,5
795,8
796,11
797,10
798,2
799,2
800,1
801,1
802,8
803,7
804,9
805,1
806,9
807,7
808,6
809,7
810,8
811,7
812,11
813,3
814,2
815,7
816,2
817,10
818,10
819,1
820,2
821,11
822,7
823,2
824,8
825,1
826,9
827,8
828,9
829,7
830,2
831,7
832,1
833,9
834,7
835,3
836,10
837,2
838,1
839,7
840,4
841,7
842,4
843,11
844,7
845,9
846,1
847,7
848,10
849,9
850,2
851,8
852,8
853,10
854,7
855,3
856,7
857,2
858,7
859,10
860,8
861,8
862,2
863,7
864,1
865,7
866,2
867,8
868,2
869,5
870,2
871,10
872,7
873,3
874,8
875,4
876,4
877,8
878,4
879,11
880,6
881,11
882,7
883,9
884,10
885,1
886,2
887,10
888,6
889,3
890,2
891,11
892,5
893,11
894,9
895,11
896,8
897,4
898,10
899,2
900,10
901,4
902,5
903,11
904,7
905,1
906,10
907,3
908,7
909,1
910,7
911,5
912,8
913,10
914,7
915,4
916,5
917,4
918,1
919,2
920,8
921,5
922,1
923,7
924,5
925,1
926,8
927,5
928,4
929,10
930,7
931,7
932,11
933,7
934,9
935,2
936,5
937,10
938,6
939,7
940,4
941,4
942,5
943,7
944,5
945,5
946,7
947,1
948,8
949,2
950,11
951,4
952,10
953,7
954,9
955,7
956,7
957,2
958,10
959,6
960,3
961,7
962,7
963,7
964,8
965,11
966,8
967,10
968,8
969,3
970,6
971,9
972,10
973,4
974,10
975,11
976,4
977,2
978,7
979,2
980,11
981,3
982,6
983,9
984,8
985,1
986,9
987,5
988,4
989,11
990,2
991,8
992,7
993,4
994,1
995,8
996,8
997,4
998,9
999,3
1000,10
1001,4
1002,1
1003,11
1004,11
1005,7
1006,10
1007,8
1008,1
1009,5
1010,10
1011,10
1012,10
1013,10
1014,1
1015,6
1016,1
1017,7
1018,11
1019,2
1020,1
1021,1
1022,4
1023,8
1024,6
1025,11
1026,11
1027,7
1028,10
1029,4
1030,2
1031,5
1032,1
1033,10
1034,7
1035,2
1036,4
1037,2
1038,2
1039,2
1040,10
1041,2
1042,8
1043,7
1044,6
1045,11
1046,11
1047,11
1048,2
1049,11
1050,10
1051,7
1052,2
1053,10
1054,9
1055,9
1056,3
1057,2
1058,7
1059,2
1060,1
1061,6
1062,11
1063,11
1064,5
1065,5
1066,8
1067,1
1068,5
1069,1
1070,7
1071,10
1072,8
1073,7
1074,3
1075,10
1076,2
1077,3
1078,8
1079,4
1080,2
1081,4
1082,9
1083,3
1084,10
1085,6
1086,10
1087,1
1088,2
1089,5
1090,1
1091,2
1092,11
1093,5
1094,9
1095,2
1096,8
1097,8
1098,11
1099,3
1100,2
1101,3
1102,8
1103,10
1104,10
1105,5
1106,9
1107,8
1108,1
1109,9
1110,7
1111,10
1112,4
1113,6
1114,9
1115,2
1116,11
1117,11
1118,11
1119,10
1120,4
1121,3
1122,1
1123,1
1124,7
1125,8
1126,11
1127,1
1128,8
1129,11
1130,3
1131,1
1132,6
1133,1
1134,9
1135,9
1136,6
1137,7
1138,6
1139,10
1140,1
1141,10
1142,5
1143,10
1144,8
1145,11
1146,11
1147,3
1148,10
1149,4
1150,10
1151,11
1152,2
1153,10
1154,9
1155,10
1156,7
1157,2
1158,7
1159,10
1160,10
1161,6
1162,5
1163,6
1164,6
1165,8
1166,11
1167,4
1168,8
1169,1
1170,9
1171,10
1172,2
1173,8
1174,6
1175,9
1176,8
1177,4
1178,11
1179,6
1180,1
1181,3
1182,7
1183,10
1184,10
1185,3
1186,2
1187,7
1188,3
1189,4
1190,9
1191,2
1192,1
1193,9
1194,7
1195,2
1196,9
1197,10
1198,3
1199,7
1200,11
1201,11
1202,7
1203,7
1204,5
1205,1
1206,4
1207,8
1208,9
1209,10
1210,2
1211,7
1212,7
1213,9
1214,1
1215,4
1216,6
1217,10
1218,8
1219,5
1220,2
1221,1
1222,11
1223,8
1224,2
1225,7
1226,7
1227,9
1228,2
1229,7
1230,10
1231,9
1232,8
1233,9
1234,1
1235,10
1236,8
1237,9
1238,6
1239,5
1240,11
1241,8
1242,2
1243,8
1244,2
1245,1
1246,5
1247,3
1248,2
1249,4
1250,1
1251,8
1252,7
1253,3
1254,11
1255,8
1256,1
1257,7
1258,1
1259,9
1260,6
1261,5
1262,11
1263,8
1264,7
1265,8
1266,11
1267,10
1268,4
1269,11
1270,11
1271,8
1272,11
1273,8
1274,11
1275,8
1276,1
1277,1
1278,7
1279,8
1280,8
1281,9
1282,11
1283,7
1284,2
1285,4
1286,8
1287,7
1288,2
1289,10
1290,9
1291,11
1292,5
1293,2
1294,9
1295,3
1296,4
1297,1
1298,2
1299,8
1300,8
1301,10
1302,9
1303,1
1304,6
1305,3
1306,8
1307,8
1308,11
1309,8
1310,2
1311,9
1312,9
1313,4
1314,1
1315,4
1316,7
1317,7
1318,6
1319,6
1320,8
1321,3
1322,4
1323,11
1324,5
1325,11
1326,11
1327,8
1328,3
1329,3
1330,11
1331,2
1332,1
1333,11
1334,3
1335,3
1336,10
1337,2
1338,7
1339,5
1340,3
1341,7
1342,5
1343,4
1344,7
1345,9
1346,10
1347,11
1348,11
1349,8
1350,4
1351,11
1352,4
1353,9
1354,1
1355,1
1356,5
1357,11
1358,7
1359,4
1360,6
1361,3
1362,2
1363,1
1364,2
1365,3
1366,11
1367,1
1368,1
1369,4
1370,9
1371,9
1372,11
1373,1
1374,3
1375,10
1376,7
1377,9
1378,11
1379,1
1380,3
1381,1
1382,6
1383,1
1384,2
1385,8
1386,1
1387,4
1388,9
1389,11
1390,6
1391,11
1392,9
1393,2
1394,8
1395,8
1396,2
1397,10
1398,11
1399,6
1400,2
1401,4
1402,2
1403,4
1404,8
1405,8
1406,2
1407,2
1408,11
1409,7
1410,2
1411,1
1412,4
1413,3
1414,1
1415,8
1416,8
1417,2
1418,10
1419,2
1420,2
1421,4
1422,1
1423,1
1424,7
1425,10
1426,9
1427,9
1428,6
1429,10
1430,9
1431,1
1432,1
1433,6
1434,11
1435,5
1436,8
1437,1
1438,10
1439,3
1440,6
1441,3
1442,1
1443,8
1444,9
1445,3
1446,8
1447,10
1448,3
1449,5
1450,4
1451,6
1452,9
1453,7
1454,11
1455,5
1456,7
1457,2
1458,4
1459,1
1460,11
1461,3
1462,7
1463,5
1464,4
1465,4
1466,8
1467,8
1468,3
1469,8
1470,1
1471,10
1472,6
1473,1
1474,1
1475,8
1476,10
1477,8
1478,8
1479,10
1480,1
1481,3
1482,6
1483,1
1484,2
1485,11
1486,11
1487,1
1488,5
1489,3
1490,5
1491,6
1492,10
1493,2
1494,1
1495,10
1496,7
1497,7
1498,1
1499,8
1500,10
1501,1
1502,5
1503,1
1504,1
1505,7
1506,1
1507,8
1508,9
1509,11
1510,8
1511,8
1512,1
1513,8
1514,6
1515,8
1516,1
1517,3
1518,1
1519,8
1520,7
1521,11
1522,2
1523,2
1524,1
1525,7
1526,2
1527,9
1528,11
1529,1
1530,9
1531,7
1532,6
1533,8
1534,4
1535,9
1536,11
1537,2
1538,10
1539,8
1540,8
1541,5
1542,5
1543,10
1544,2
1545,2
1546,4
1547,9
1548,3
1549,8
1550,2
1551,3
1552,8
1553,10
1554,10
1555,3
1556,2
1557,2
1558,10
1559,4
1560,10
1561,9
1562,2
1563,5
1564,6
1565,8
1566,8
1567,11
1568,11
1569,4
1570,3
1571,2
1572,7
1573,11
1574,8
1575,4
1576,9
1577,3
1578,10
1579,4
1580,4
1581,10
1582,8
1583,7
1584,9
1585,3
1586,6
1587,5
1588,11
1589,1
1590,8
1591,3
1592,4
1593,4
1594,4
1595,6
1596,10
1597,3
1598,11
1599,2
1600,3
1601,2
1602,6
1603,11
1604,10
1605,2
1606,9
1607,8
1608,8
1609,3
1610,1
1611,10
1612,1
1613,9
1614,1
1615,1
1616,6
1617,1
1618,11
1619,2
1620,8
1621,6
1622,2
1623,2
1624,2
1625,2
1626,5
1627,10
1628,8
1629,2
1630,9
1631,11
1632,3
1633,4
1634,8
1635,2
1636,11
1637,6
1638,10
1639,5
1640,9
1641,7
1642,11
1643,2
1644,8
1645,8
1646,2
1647,5
1648,7
1649,2
1650,8
1651,8
1652,7
1653,4
1654,1
1655,7
1656,8
1657,11
1658,10
1659,4
1660,4
1661,1
1662,2
1663,1
1664,7
1665,5
1666,2
1667,9
1668,4
1669,10
1670,3
1671,8
1672,9
1673,8
1674,1
1675,10
1676,9
1677,2
1678,1
1679,1
1680,8
1681,6
1682,10
1683,3
1684,4
1685,2
1686,3
1687,8
1688,8
1689,11
1690,7
1691,4
1692,11
1693,2
1694,11
1695,9
1696,10
1697,4
1698,4
1699,11
1700,8
1701,8
1702,7
1703,8
1704,8
1705,2
1706,7
1707,9
1708,10
1709,8
1710,3
1711,4
1712,8
1713,7
1714,4
1715,4
1716,4
1717,7
1718,3
1719,1
1720,3
1721,8
1722,7
1723,8
1724,7
1725,4
1726,8
1727,9
1728,4
1729,2
1730,8
1731,10
1732,10
1733,6
1734,7
1735,5
1736,11
1737,9
1738,8
1739,4
1740,11
1741,11
1742,11
1743,3
1744,11
1745,8
1746,5
1747,5
1748,1
1749,2
1750,3
1751,9
1752,11
1753,2
1754,7
1755,2
1756,7
1757,6
1758,2
1759,4
1760,1
1761,1
1762,1
1763,1
1764,2
1765,7
1766,8
1767,9
1768,4
1769,6
1770,1
1771,5
1772,1
1773,3
1774,4
1775,9
1776,8
1777,4
1778,11
1779,6
1780,8
1781,4
1782,9
1783,8
1784,11
1785,2
1786,2
1787,2
1788,11
1789,2
1790,9
1791,2
1792,11
1793,3
1794,2
1795,9
1796,8
1797,11
1798,6
1799,8
1800,1
1801,1
1802,8
1803,4
1804,10
1805,9
1806,7
1807,1
1808,6
1809,1
1810,9
1811,11
1812,1
1813,2
1814,11
1815,2
1816,6
1817,1
1818,2
1819,11
1820,1
1821,8
1822,7
1823,4
1824,1
1825,2
1826,8
1827,7
1828,11
1829,4
1830,5
1831,3
1832,5
1833,6
1834,2
1835,9
1836,8
1837,5
1838,3
1839,4
1840,8
1841,5
1842,8
1843,4
1844,7
1845,8
1846,3
1847,7
1848,7
1849,4
1850,11
1851,4
1852,5
1853,10
1854,7
1855,11
1856,4
1857,6
1858,2
1859,2
1860,8
1861,2
1862,9
1863,8
1864,4
1865,10
1866,2
1867,3
1868,2
1869,2
1870,2
1871,9
1872,2
1873,8
1874,7
1875,5
1876,7
1877,2
1878,9
1879,2
1880,2
1881,11
1882,8
1883,10
1884,4
1885,4
1886,8
1887,3
1888,5
1889,5
1890,5
1891,9
1892,11
1893,2
1894,7
1895,11
1896,4
1897,8
1898,10
1899,8
1900,7
1901,2
1902,10
1903,7
1904,2
1905,7
1906,7
1907,6
1908,5
1909,1
1910,9
1911,4
1912,7
1913,11
1914,2
1915,2
1916,5
1917,9
1918,4
1919,9
1920,4
1921,10
1922,9
1923,8
1924,7
1925,3
1926,10
1927,11
1928,5
1929,5
1930,11
1931,4
1932,9
1933,11
1934,4
1935,10
1936,1
1937,2
1938,1
1939,3
1940,11
1941,10
1942,7
1943,11
1944,2
1945,9
1946,8
1947,10
1948,11
1949,7
1950,2
1951,1
1952,2
1953,11
1954,11
1955,2
1956,2
1957,7
1958,11
1959,7
1960,8
1961,10
1962,6
1963,11
1964,1
1965,5
1966,11
1967,6
1968,8
1969,9
1970,7
1971,1
1972,11
1973,5
1974,5
1975,4
1976,3
1977,7
1978,7
1979,2
1980,1
1981,6
1982,7
1983,11
1984,1
1985,3
1986,4
1987,7
1988,2
1989,11
1990,10
1991,1
1992,11
1993,2
1994,9
1995,11
1996,4
1997,3
1998,2
1999,10
2000,11
2001,1
2002,1
2003,6
2004,2
2005,4
2006,1
2007,3
2008,1
2009,10
2010,9
2011,1
2012,7
2013,10
2014,3
2015,4
2016,3
2017,6
2018,3
2019,5
2020,11
2021,8
2022,2
2023,2
2024,9
2025,2
2026,10
2027,10
2028,9
2029,4
2030,4
2031,1
2032,7
2033,9
2034,4
2035,6
2036,10
2037,10
2038,7
2039,9
2040,2
2041,4
2042,9
2043,6
2044,8
2045,8
2046,9
2047,9
2048,9
2049,9
2050,1
2051,7
2052,7
2053,9
2054,7
2055,9
2056,7
2057,4
2058,5
2059,7
2060,11
2061,7
2062,9
2063,2
2064,11
2065,1
2066,3
2067,2
2068,2
2069,10
2070,11
2071,9
2072,5
2073,5
2074,5
2075,10
2076,3
2077,7
2078,3
2079,5
2080,2
2081,11
2082,7
2083,7
2084,2
2085,2
2086,8
2087,6
2088,8
2089,8
2090,7
2091,1
2092,3
2093,8
2094,3
2095,9
2096,10
2097,5
2098,7
2099,6
2100,10
2101,8
2102,9
2103,2
2104,2
2105,6
2106,7
2107,1
2108,2
2109,10
2110,9
2111,7
2112,7
2113,11
2114,2
2115,10
2116,8
2117,11
2118,8
2119,8
2120,1
2121,2
2122,1
2123,1
2124,4
2125,10
2126,4
2127,9
2128,8
2129,4
2130,6
2131,6
2132,7
2133,2
2134,9
2135,1
2136,7
2137,10
2138,9
2139,7
2140,3
2141,4
2142,3
2143,1
2144,5
2145,2
2146,11
2147,4
2148,1
2149,8
2150,2
2151,11
2152,6
2153,6
2154,6
2155,11
2156,11
2157,2
2158,5
2159,9
2160,4
2161,4
2162,7
2163,6
2164,7
2165,11
2166,5
2167,7
2168,5
2169,8
2170,9
2171,10
2172,3
2173,11
2174,9
2175,2
2176,5
2177,11
2178,4
2179,8
2180,3
2181,11
2182,11
2183,8
2184,10
2185,9
2186,5
2187,11
2188,4
2189,7
2190,1
2191,9
2192,7
2193,1
2194,5
2195,10
2196,9
2197,11
2198,8
2199,9
2200,2
2201,10
2202,6
2203,2
2204,6
2205,9
2206,2
2207,4
2208,3
2209,11
2210,9
2211,10
2212,7
2213,8
2214,9
2215,10
2216,1
2217,8
2218,7
2219,11
2220,11
2221,6
2222,10
2223,10
2224,2
2225,1
2226,2
2227,2
2228,4
2229,1
2230,6
2231,1
2232,3
2233,8
2234,6
2235,10
2236,6
2237,1
2238,4
2239,9
2240,10
2241,11
2242,3
2243,10
2244,11
2245,2
2246,3
2247,1
2248,10
2249,7
2250,1
2251,11
2252,7
2253,2
2254,7
2255,3
2256,7
2257,7
2258,8
2259,8
2260,6
2261,10
2262,3
2263,8
2264,3
2265,2
2266,1
2267,8
2268,2
2269,8
2270,10
2271,7
2272,8
2273,2
2274,7
2275,2
2276,3
2277,11
2278,11
2279,6
2280,10
2281,11
2282,2
2283,11
2284,4
2285,7
2286,11
2287,5
2288,4
2289,10
2290,10
2291,8
2292,1
2293,4
2294,7
2295,1
2296,9
2297,3
2298,2
2299,8
2300,2
2301,3
2302,11
2303,3
2304,5
2305,8
2306,3
2307,3
2308,6
2309,6
2310,1
2311,1
2312,9
2313,2
2314,10
2315,1
2316,8
2317,5
2318,5
2319,5
2320,7
2321,10
2322,5
2323,10
2324,11
2325,10
2326,6
2327,9
2328,7
2329,9
2330,2
2331,8
2332,11
2333,9
2334,10
2335,9
2336,9
2337,3
2338,5
2339,11
2340,10
2341,10
2342,8
2343,11
2344,3
2345,11
2346,3
2347,10
2348,9
2349,5
2350,2
2351,10
2352,8
2353,3
2354,8
2355,1
2356,6
2357,7
2358,9
2359,8
2360,10
2361,10
2362,1
2363,4
2364,9
2365,9
2366,2
2367,11
2368,8
2369,7
2370,6
2371,1
2372,9
2373,1
2374,1
2375,10
2376,9
2377,2
2378,2
2379,7
2380,8
2381,10
2382,1
2383,7
2384,8
2385,7
2386,11
2387,1
2388,9
2389,3
2390,8
2391,4
2392,9
2393,6
2394,11
2395,6
2396,9
2397,7
2398,11
2399,10
2400,9
2401,1
2402,7
2403,11
2404,3
2405,9
2406,5
2407,7
2408,10
2409,2
2410,11
2411,10
2412,9
2413,4
2414,9
2415,8
2416,1
2417,7
2418,3
2419,10
2420,11
2421,1
2422,8
2423,5
2424,10
2425,7
2426,8
2427,7
2428,7
2429,8
2430,2
2431,2
2432,7
2433,7
2434,6
2435,10
2436,7
2437,9
2438,3
2439,8
2440,10
2441,1
2442,10
2443,8
2444,2
2445,8
2446,4
2447,1
2448,8
2449,4
2450,6
2451,11
2452,7
2453,9
2454,6
2455,1
2456,4
2457,4
2458,2
2459,8
2460,1
2461,9
2462,7
2463,2
2464,11
2465,2
2466,9
2467,4
2468,1
2469,2
2470,11
2471,6
2472,2
2473,2
2474,1
2475,7
2476,11
2477,1
2478,8
2479,2
2480,1
2481,8
2482,8
2483,3
2484,8
2485,1
2486,2
2487,6
2488,1
2489,6
2490,9
2491,8
2492,5
2493,2
2494,11
2495,7
2496,2
2497,5
2498,8
2499,4
2500,11
2501,6
2502,2
2503,2
2504,10
2505,7
2506,8
2507,5
2508,2
2509,1
2510,2
2511,11
2512,2
2513,6
2514,7
2515,4
2516,7
2517,2
2518,1
2519,7
2520,8
2521,2
2522,11
2523,2
2524,9
2525,2
2526,5
2527,9
2528,8
2529,8
2530,7
2531,9
2532,10
2533,1
2534,7
2535,3
2536,3
2537,4
2538,4
2539,1
2540,6
2541,5
2542,6
2543,11
2544,7
2545,10
2546,3
2547,7
2548,10
2549,6
2550,1
2551,10
2552,1
2553,11
2554,8
2555,11
2556,7
2557,1
2558,11
2559,4
2560,7
2561,5
2562,5
2563,7
2564,1
2565,2
2566,7
2567,7
2568,6
2569,11
2570,8
2571,8
2572,1
2573,8
2574,4
2575,7
2576,9
2577,1
2578,10
2579,10
2580,3
2581,2
2582,8
2583,1
2584,1
2585,11
2586,8
2587,11
2588,10
2589,11
2590,11
2591,2
2592,2
2593,1
2594,10
2595,2
2596,9
2597,10
2598,7
2599,8
2600,3
2601,6
2602,1
2603,2
2604,9
2605,9
2606,11
2607,2
2608,8
2609,11
2610,11
2611,6
2612,7
2613,8
2614,9
2615,1
2616,11
2617,9
2618,1
2619,4
2620,8
2621,10
2622,9
2623,8
2624,9
2625,4
2626,1
2627,6
2628,9
2629,2
2630,10
2631,10
2632,1
2633,4
2634,1
2635,9
2636,2
2637,8
2638,7
2639,4
2640,2
2641,2
2642,10
2643,11
2644,9
2645,7
2646,1
2647,2
2648,2
2649,1
2650,11
2651,7
2652,7
2653,8
2654,10
2655,9
2656,11
2657,2
2658,11
2659,7
2660,1
2661,3
2662,6
2663,10
2664,9
2665,2
2666,2
2667,10
2668,1
2669,9
2670,11
2671,10
2672,8
2673,10
2674,11
2675,3
2676,10
2677,11
2678,7
2679,4
2680,11
2681,7
2682,2
2683,4
2684,1
2685,4
2686,3
2687,10
2688,9
2689,10
2690,6
2691,3
2692,1
2693,2
2694,6
2695,11
2696,4
2697,7
2698,11
2699,8
2700,9
2701,10
2702,4
2703,1
2704,2
2705,11
2706,10
2707,10
2708,9
2709,6
2710,1
2711,6
2712,10
2713,3
2714,7
2715,9
2716,2
2717,11
2718,8
2719,11
2720,5
2721,1
2722,10
2723,4
2724,3
2725,8
2726,2
2727,8
2728,3
2729,2
2730,3
2731,2
2732,8
2733,8
2734,10
2735,7
2736,7
2737,11
2738,7
2739,10
2740,9
2741,3
2742,6
2743,9
2744,2
2745,2
2746,10
2747,1
2748,3
2749,2
2750,9
2751,10
2752,1
2753,5
2754,10
2755,8
2756,10
2757,10
2758,5
2759,7
2760,5
2761,6
2762,1
2763,7
2764,8
2765,2
2766,2
2767,2
2768,4
2769,11
2770,6
2771,2
2772,2
2773,11
2774,2
2775,1
2776,4
2777,7
2778,2
2779,2
2780,1
2781,11
2782,4
2783,8
2784,6
2785,4
2786,5
2787,6
2788,4
2789,8
2790,8
2791,3
2792,9
2793,1
2794,4
2795,1
2796,9
2797,9
2798,4
2799,11
2800,5
2801,5
2802,1
2803,6
2804,1
2805,4
2806,11
2807,10
2808,6
2809,11
2810,2
2811,9
2812,3
2813,10
2814,7
2815,10
2816,10
2817,7
2818,4
2819,9
2820,1
2821,4
2822,7
2823,1
2824,11
2825,7
2826,1
2827,11
2828,10
2829,7
2830,1
2831,3
2832,11
2833,11
2834,1
2835,11
2836,5
2837,2
2838,1
2839,3
2840,8
2841,7
2842,10
2843,2
2844,3
2845,11
2846,10
2847,5
2848,3
2849,9
2850,8
2851,11
2852,4
2853,4
2854,8
2855,2
2856,2
2857,4
2858,2
2859,9
2860,10
2861,9
2862,8
2863,9
2864,10
2865,11
2866,7
2867,3
2868,7
2869,4
2870,3
2871,7
2872,2
2873,3
2874,3
2875,3
2876,2
2877,2
2878,9
2879,11
2880,6
2881,1
2882,1
2883,7
2884,1
2885,6
2886,10
2887,10
2888,4
2889,9
2890,11
2891,6
2892,8
2893,1
2894,2
2895,3
2896,2
2897,4
2898,2
2899,7
2900,10
2901,3
2902,9
2903,3
2904,10
2905,9
2906,11
2907,9
2908,7
2909,10
2910,2
2911,1
2912,7
2913,5
2914,6
2915,9
2916,3
2917,10
2918,3
2919,8
2920,4
2921,9
2922,8
2923,10
2924,10
2925,11
2926,1
2927,2
2928,8
2929,7
2930,11
2931,7
2932,2
2933,8
2934,10
2935,9
2936,2
2937,10
2938,8
2939,11
2940,1
2941,2
2942,7
2943,2
2944,10
2945,9
2946,2
2947,8
2948,1
2949,7
2950,2
2951,3
2952,1
2953,3
2954,1
2955,11
2956,11
2957,9
2958,3
2959,10
2960,2
2961,1
2962,6
2963,3
2964,5
2965,11
2966,4
2967,1
2968,8
2969,5
2970,8
2971,3
2972,2
2973,1
2974,1
2975,9
2976,7
2977,1
2978,9
2979,2
2980,8
2981,3
2982,2
2983,4
2984,2
2985,2
2986,7
2987,9
2988,7
2989,4
2990,9
2991,8
2992,6
2993,4
2994,7
2995,3
2996,7
2997,9
2998,10
2999,1
3000,2
3001,11
3002,2
3003,6
3004,10
3005,10
3006,2
3007,7
3008,11
3009,3
3010,8
3011,7
3012,4
3013,7
3014,8
3015,10
3016,4
3017,11
3018,3
3019,5
3020,6
3021,11
3022,6
3023,4
3024,7
3025,1
3026,6
3027,6
3028,7
3029,2
3030,5
3031,5
3032,6
3033,2
3034,1
3035,1
3036,4
3037,5
3038,8
3039,4
3040,3
3041,9
3042,6
3043,9
3044,7
3045,4
3046,2
3047,10
3048,1
3049,9
3050,2
3051,11
3052,5
3053,3
3054,2
3055,1
3056,11
3057,3
3058,8
3059,9
3060,3
3061,11
3062,10
3063,2
3064,6
3065,11
3066,11
3067,10
3068,5
3069,11
3070,11
3071,6
3072,6
3073,1
3074,2
3075,8
3076,2
3077,1
3078,2
3079,3
3080,7
3081,1
3082,7
3083,8
3084,8
3085,10
3086,11
3087,11
3088,9
3089,6
3090,8
3091,1
3092,8
3093,8
3094,2
3095,10
3096,4
3097,2
3098,11
3099,10
3100,9
3101,3
3102,5
3103,10
3104,9
3105,4
3106,1
3107,10
3108,3
3109,4
3110,11
3111,7
3112,11
3113,10
3114,7
3115,6
3116,7
3117,3
3118,5
3119,10
3120,11
3121,11
3122,7
3123,2
3124,1
3125,7
3126,6
3127,1
3128,8
3129,3
3130,4
3131,7
3132,6
3133,2
3134,5
3135,2
3136,10
3137,8
3138,3
3139,7
3140,10
3141,8
3142,10
3143,10
3144,2
3145,1
3146,7
3147,8
3148,5
3149,2
3150,5
3151,11
3152,9
3153,11
3154,11
3155,1
3156,10
3157,10
3158,2
3159,8
3160,11
3161,5
3162,4
3163,3
3164,7
3165,7
3166,1
3167,4
3168,9
3169,8
3170,8
3171,1
3172,7
3173,1
3174,1
3175,2
3176,10
3177,9
3178,4
3179,10
3180,2
3181,2
3182,3
3183,10
3184,11
3185,9
3186,7
3187,4
3188,6
3189,4
3190,7
3191,2
3192,1
3193,7
3194,11
3195,7
3196,1
3197,4
3198,1
3199,7
3200,11
3201,7
3202,2
3203,7
3204,1
3205,5
3206,10
3207,8
3208,3
3209,2
3210,2
3211,7
3212,8
3213,2
3214,10
3215,11
3216,2
3217,2
3218,2
3219,2
3220,3
3221,2
3222,4
3223,7
3224,2
3225,11
3226,3
3227,5
3228,2
3229,3
3230,11
3231,3
3232,10
3233,7
3234,9
3235,6
3236,2
3237,10
3238,6
3239,5
3240,8
3241,3
3242,8
3243,5
3244,2
3245,3
3246,11
3247,5
3248,6
3249,7
3250,2
3251,4
3252,2
3253,11
3254,6
3255,2
3256,8
3257,3
3258,7
3259,9
3260,6
3261,5
3262,5
3263,1
3264,7
3265,8
3266,11
3267,5
3268,8
3269,11
3270,2
3271,3
3272,1
3273,6
3274,7
3275,4
3276,1
3277,8
3278,9
3279,1
3280,8
3281,1
3282,1
3283,8
3284,1
3285,2
3286,7
3287,7
3288,10
3289,2
3290,2
3291,1
3292,1
3293,10
3294,11
3295,2
3296,6
3297,7
3298,2
3299,8
3300,8
3301,7
3302,9
3303,2
3304,6
3305,4
3306,2
3307,3
3308,8
3309,6
3310,1
3311,7
3312,4
3313,8
3314,11
3315,7
3316,3
3317,8
3318,7
3319,2
3320,3
3321,8
3322,11
3323,1
3324,7
3325,1
3326,1
3327,11
3328,6
3329,11
3330,4
3331,7
3332,6
3333,1
3334,7
3335,7
3336,7
3337,11
3338,2
3339,9
3340,10
3341,4
3342,5
3343,1
3344,1
3345,11
3346,8
3347,7
3348,7
3349,1
3350,2
3351,6
3352,2
3353,1
3354,2
3355,7
3356,7
3357,1
3358,6
3359,5
3360,10
3361,3
3362,7
3363,1
3364,7
3365,4
3366,11
3367,6
3368,4
3369,6
3370,1
3371,7
3372,10
3373,10
3374,11
3375,11
3376,10
3377,11
3378,8
3379,2
3380,4
3381,3
3382,9
3383,11
3384,3
3385,6
3386,4
3387,8
3388,8
3389,9
3390,3
3391,8
3392,8
3393,9
3394,10
3395,10
3396,9
3397,7
3398,5
3399,3
3400,1
3401,11
3402,1
3403,2
3404,1
3405,7
3406,11
3407,8
3408,10
3409,2
3410,9
3411,1
3412,6
3413,9
3414,1
3415,11
3416,10
3417,9
3418,6
3419,9
3420,4
3421,9
3422,10
3423,10
3424,2
3425,8
3426,8
3427,2
3428,3
3429,11
3430,2
3431,4
3432,11
3433,8
3434,2
3435,10
3436,1
3437,6
3438,7
3439,4
3440,10
3441,9
3442,10
3443,7
3444,1
3445,7
3446,2
3447,8
3448,8
3449,9
3450,7
3451,11
3452,10
3453,6
3454,6
3455,10
3456,1
3457,7
3458,1
3459,8
3460,4
3461,11
3462,4
3463,8
3464,4
3465,2
3466,8
3467,2
3468,9
3469,2
3470,10
3471,5
3472,10
3473,6
3474,4
3475,3
3476,11
3477,10
3478,11
3479,3
3480,5
3481,8
3482,1
3483,1
3484,4
3485,5
3486,6
3487,5
3488,8
3489,5
3490,4
3491,5
3492,7
3493,2
3494,10
3495,5
3496,5
3497,8
3498,6
3499,4
3500,9
3501,10
3502,2
3503,10
3504,11
3505,2
3506,9
3507,5
3508,10
3509,7
3510,6
3511,11
3512,3
3513,5
3514,2
3515,7
3516,2
3517,10
3518,9
3519,8
3520,3
3521,7
3522,5
3523,3
3524,2
3525,2
3526,4
3527,11
3528,1
3529,4
3530,1
3531,9
3532,11
3533,10
3534,4
3535,8
3536,8
3537,3
3538,4
3539,2
3540,1
3541,10
3542,8
3543,9
3544,8
3545,10
3546,11
3547,8
3548,1
3549,1
3550,7
3551,8
3552,7
3553,10
3554,3
3555,6
3556,9
3557,9
3558,10
3559,8
3560,3
3561,8
3562,11
3563,7
3564,10
3565,11
3566,5
3567,6
3568,7
3569,5
3570,1
3571,3
3572,5
3573,9
3574,4
3575,9
3576,2
3577,7
3578,1
3579,2
3580,2
3581,4
3582,8
3583,7
3584,2
3585,10
3586,8
3587,2
3588,2
3589,7
3590,8
3591,10
3592,5
3593,3
3594,2
3595,1
3596,6
3597,4
3598,10
3599,2
3600,7
3601,8
3602,8
3603,5
3604,3
3605,7
3606,1
3607,1
3608,4
3609,5
3610,9
3611,6
3612,8
3613,6
3614,2
3615,1
3616,3
3617,2
3618,2
3619,10
3620,1
3621,5
3622,1
3623,5
3624,2
3625,4
3626,10
3627,1
3628,1
3629,5
3630,1
3631,3
3632,7
3633,4
3634,7
3635,3
3636,3
3637,4
3638,3
3639,10
3640,3
3641,10
3642,1
3643,4
3644,10
3645,8
3646,2
3647,2
3648,7
3649,5
3650,7
3651,3
3652,6
3653,9
3654,4
3655,1
3656,10
3657,5
3658,7
3659,1
3660,5
3661,7
3662,9
3663,9
3664,2
3665,8
3666,9
3667,10
3668,8
3669,5
3670,1
3671,6
3672,9
3673,9
3674,2
3675,3
3676,2
3677,11
3678,7
3679,1
3680,4
3681,6
3682,11
3683,4
3684,6
3685,3
3686,11
3687,4
3688,9
3689,11
3690,5
3691,1
3692,5
3693,10
3694,1
3695,11
3696,9
3697,4
3698,9
3699,2
3700,10
3701,4
3702,10
3703,9
3704,4
3705,1
3706,8
3707,4
3708,11
3709,1
3710,7
3711,10
3712,11
3713,3
3714,8
3715,7
3716,10
3717,4
3718,4
3719,9
3720,3
3721,6
3722,8
3723,3
3724,6
3725,8
3726,7
3727,4
3728,8
3729,10
3730,7
3731,2
3732,11
3733,8
3734,8
3735,11
3736,2
3737,10
3738,6
3739,11
3740,1
3741,7
3742,1
3743,2
3744,6
3745,2
3746,5
3747,2
3748,7
3749,1
3750,3
3751,10
3752,10
3753,9
3754,3
3755,3
3756,10
3757,3
3758,11
3759,11
3760,7
3761,4
3762,6
3763,2
3764,2
3765,8
3766,7
3767,8
3768,3
3769,8
3770,11
3771,8
3772,2
3773,1
3774,1
3775,2
3776,2
3777,9
3778,9
3779,5
3780,11
3781,1
3782,8
3783,3
3784,9
3785,3
3786,2
3787,11
3788,4
3789,5
3790,1
3791,5
3792,3
3793,7
3794,7
3795,5
3796,1
3797,8
3798,1
3799,7
3800,11
3801,10
3802,4
3803,11
3804,4
3805,5
3806,3
3807,8
3808,7
3809,9
3810,11
3811,10
3812,11
3813,5
3814,8
3815,11
3816,5
3817,8
3818,10
3819,2
3820,11
3821,1
3822,4
3823,5
3824,3
3825,9
3826,8
3827,4
3828,4
3829,9
3830,9
3831,8
3832,2
3833,10
3834,8
3835,6
3836,5
3837,8
3838,1
3839,2
3840,11
3841,11
3842,9
3843,11
3844,2
3845,7
3846,5
3847,3
3848,7
3849,4
3850,10
3851,5
3852,10
3853,7
3854,7
3855,10
3856,9
3857,5
3858,3
3859,7
3860,2
3861,2
3862,6
3863,5
3864,7
3865,5
3866,8
3867,10
3868,11
3869,4
3870,2
3871,4
3872,1
3873,10
3874,7
3875,10
3876,11
3877,1
3878,11
3879,8
3880,1
3881,2
3882,8
3883,11
3884,1
3885,11
3886,3
3887,7
3888,8
3889,11
3890,2
3891,8
3892,7
3893,7
3894,4
3895,9
3896,3
3897,8
3898,1
3899,2
3900,4
3901,11
3902,5
3903,3
3904,10
3905,4
3906,1
3907,7
3908,9
3909,1
3910,1
3911,3
3912,5
3913,3
3914,2
3915,8
3916,9
3917,5
3918,8
3919,2
3920,2
3921,1
3922,7
3923,8
3924,9
3925,11
3926,10
3927,8
3928,4
3929,11
3930,1
3931,4
3932,10
3933,9
3934,8
3935,8
3936,5
3937,8
3938,2
3939,8
3940,5
3941,2
3942,2
3943,3
3944,11
3945,1
3946,3
3947,6
3948,9
3949,7
3950,7
3951,7
3952,1
3953,3
3954,8
3955,9
3956,10
3957,9
3958,9
3959,6
3960,1
3961,2
3962,6
3963,2
3964,2
3965,10
3966,8
3967,1
3968,5
3969,3
3970,3
3971,3
3972,11
3973,1
3974,2
3975,11
3976,6
3977,11
3978,9
3979,1
3980,10
3981,3
3982,10
3983,6
3984,8
3985,2
3986,2
3987,5
3988,5
3989,5
3990,1
3991,6
3992,11
3993,1
3994,11
3995,10
3996,2
3997,4
3998,8
3999,11
4000,5
4001,7
4002,8
4003,8
4004,4
4005,7
4006,3
4007,2
4008,3
4009,1
4010,10
4011,1
4012,11
4013,7
4014,5
4015,9
4016,1
4017,11
4018,6
4019,6
4020,7
4021,7
4022,7
4023,4
4024,5
4025,11
4026,11
4027,1
4028,9
4029,3
4030,9
4031,5
4032,7
4033,8
4034,10
4035,3
4036,7
4037,2
4038,1
4039,7
4040,9
4041,11
4042,6
4043,9
4044,8
4045,6
4046,2
4047,2
4048,1
4049,5
4050,4
4051,1
4052,11
4053,10
4054,1
4055,1
4056,10
4057,6
4058,8
4059,10
4060,2
4061,1
4062,8
4063,8
4064,8
4065,10
4066,2
4067,7
4068,5
4069,11
4070,6
4071,1
4072,6
4073,11
4074,3
4075,2
4076,5
4077,2
4078,1
4079,10
4080,7
4081,10
4082,11
4083,9
4084,11
4085,8
4086,8
4087,1
4088,6
4089,9
4090,7
4091,1
4092,8
4093,4
4094,1
4095,3
4096,2
4097,4
4098,11
4099,8
4100,9
4101,1
4102,3
4103,6
4104,7
4105,8
4106,8
4107,8
4108,10
4109,7
4110,7
4111,9
4112,4
4113,5
4114,7
4115,3
4116,2
4117,4
4118,7
4119,7
4120,2
4121,3
4122,8
4123,3
4124,8
4125,4
4126,7
4127,1
4128,6
4129,9
4130,10
4131,1
4132,9
4133,1
4134,7
4135,1
4136,7
4137,5
4138,9
4139,8
4140,1
4141,5
4142,7
4143,6
4144,10
4145,7
4146,8
4147,7
4148,2
4149,2
4150,5
4151,8
4152,11
4153,7
4154,4
4155,10
4156,8
4157,2
4158,8
4159,3
4160,9
4161,9
4162,11
4163,10
4164,6
4165,8
4166,2
4167,3
4168,5
4169,6
4170,7
4171,11
4172,5
4173,7
4174,11
4175,9
4176,5
4177,10
4178,1
4179,10
4180,11
4181,1
4182,1
4183,8
4184,9
4185,3
4186,2
4187,8
4188,6
4189,3
4190,1
4191,8
4192,2
4193,11
4194,2
4195,2
4196,7
4197,5
4198,1
4199,3
4200,9
4201,11
4202,2
4203,2
4204,10
4205,5
4206,2
4207,10
4208,11
4209,8
4210,7
4211,1
4212,6
4213,8
4214,1
4215,4
4216,7
4217,8
4218,5
4219,7
4220,2
4221,11
4222,8
4223,4
4224,11
4225,10
4226,10
4227,4
4228,3
4229,6
4230,9
4231,3
4232,11
4233,10
4234,1
4235,10
4236,7
4237,9
4238,2
4239,7
4240,8
4241,7
4242,8
4243,2
4244,11
4245,7
4246,9
4247,11
4248,10
4249,9
4250,3
4251,6
4252,7
4253,4
4254,2
4255,10
4256,8
4257,9
4258,11
4259,7
4260,8
4261,7
4262,6
4263,2
4264,2
4265,8
4266,8
4267,6
4268,4
4269,1
4270,2
4271,2
4272,11
4273,1
4274,7
4275,6
4276,2
4277,8
4278,10
4279,6
4280,11
4281,2
4282,6
4283,10
4284,10
4285,11
4286,8
4287,7
4288,9
4289,2
4290,10
4291,1
4292,9
4293,2
4294,8
4295,1
4296,2
4297,6
4298,11
4299,4
4300,3
4301,11
4302,8
4303,7
4304,1
4305,11
4306,7
4307,9
4308,8
4309,6
4310,11
4311,1
4312,7
4313,7
4314,9
4315,3
4316,3
4317,4
4318,7
4319,6
4320,8
4321,1
4322,2
4323,10
4324,6
4325,10
4326,11
4327,2
4328,7
4329,2
4330,2
4331,9
4332,7
4333,2
4334,10
4335,2
4336,11
4337,8
4338,1
4339,11
4340,9
4341,4
4342,2
4343,7
4344,2
4345,9
4346,10
4347,9
4348,9
4349,1
4350,1
4351,11
4352,11
4353,11
4354,1
4355,2
4356,1
4357,6
4358,11
4359,10
4360,5
4361,1
4362,7
4363,9
4364,8
4365,3
4366,2
4367,9
4368,2
4369,4
4370,10
4371,1
4372,10
4373,9
4374,4
4375,8
4376,4
4377,11
4378,2
4379,4
4380,6
4381,3
4382,11
4383,3
4384,7
4385,6
4386,9
4387,11
4388,1
4389,11
4390,3
4391,10
4392,7
4393,8
4394,8
4395,11
4396,8
4397,7
4398,10
4399,7
4400,10
4401,3
4402,9
4403,7
4404,10
4405,2
4406,1
4407,4
4408,1
4409,8
4410,10
4411,3
4412,10
4413,2
4414,9
4415,1
4416,3
4417,3
4418,9
4419,9
4420,1
4421,2
4422,11
4423,10
4424,1
4425,7
4426,8
4427,4
4428,10
4429,7
4430,11
4431,2
4432,11
4433,5
4434,5
4435,10
4436,2
4437,8
4438,3
4439,3
4440,2
4441,3
4442,11
4443,2
4444,7
4445,11
4446,3
4447,8
4448,10
4449,7
4450,2
4451,9
4452,1
4453,5
4454,2
4455,11
4456,1
4457,8
4458,9
4459,5
4460,2
4461,2
4462,1
4463,7
4464,3
4465,10
4466,7
4467,4
4468,2
4469,1
4470,8
4471,9
4472,4
4473,1
4474,9
4475,3
4476,1
4477,7
4478,2
4479,9
4480,9
4481,7
4482,5
4483,11
4484,1
4485,1
4486,9
4487,5
4488,10
4489,11
4490,9
4491,10
4492,6
4493,9
4494,7
4495,11
4496,7
4497,3
4498,4
4499,7
4500,4
4501,9
4502,7
4503,10
4504,7
4505,4
4506,9
4507,2
4508,9
4509,7
4510,3
4511,1
4512,1
4513,1
4514,6
4515,6
4516,4
4517,6
4518,1
4519,1
4520,9
4521,4
4522,9
4523,4
4524,8
4525,4
4526,2
4527,10
4528,4
4529,9
4530,5
4531,4
4532,5
4533,8
4534,2
4535,2
4536,11
4537,8
4538,5
4539,11
4540,5
4541,7
4542,7
4543,8
4544,7
4545,10
4546,1
4547,9
4548,2
4549,8
4550,3
4551,8
4552,10
4553,8
4554,2
4555,4
4556,1
4557,2
4558,7
4559,3
4560,11
4561,1
4562,9
4563,6
4564,8
4565,4
4566,11
4567,6
4568,6
4569,4
4570,3
4571,8
4572,1
4573,7
4574,8
4575,7
4576,1
4577,10
4578,8
4579,2
4580,2
4581,11
4582,10
4583,2
4584,7
4585,3
4586,11
4587,1
4588,1
4589,4
4590,11
4591,8
4592,7
4593,6
4594,4
4595,1
4596,3
4597,1
4598,1
4599,1
4600,7
4601,8
4602,9
4603,8
4604,3
4605,4
4606,9
4607,2
4608,5
4609,9
4610,10
4611,2
4612,9
4613,8
4614,1
4615,8
4616,7
4617,3
4618,11
4619,8
4620,3
4621,4
4622,11
4623,8
4624,3
4625,3
4626,2
4627,8
4628,10
4629,6
4630,2
4631,2
4632,10
4633,8
4634,10
4635,4
4636,8
4637,10
4638,5
4639,11
4640,4
4641,8
4642,10
4643,10
4644,2
4645,7
4646,2
4647,10
4648,1
4649,7
4650,11
4651,8
4652,2
4653,2
4654,2
4655,2
4656,7
4657,5
4658,11
4659,2
4660,3
4661,5
4662,10
4663,9
4664,11
4665,4
4666,1
4667,2
4668,7
4669,2
4670,9
4671,6
4672,11
4673,3
4674,8
4675,3
4676,4
4677,7
4678,8
4679,10
4680,3
4681,2
4682,7
4683,11
4684,4
4685,10
4686,9
4687,10
4688,7
4689,6
4690,8
4691,8
4692,1
4693,1
4694,11
4695,7
4696,9
4697,10
4698,2
4699,11
4700,5
4701,5
4702,10
4703,5
4704,1
4705,2
4706,1
4707,10
4708,11
4709,2
4710,11
4711,9
4712,3
4713,6
4714,9
4715,9
4716,7
4717,10
4718,5
4719,5
4720,9
4721,10
4722,10
4723,11
4724,4
4725,3
4726,1
4727,2
4728,6
4729,1
4730,8
4731,1
4732,6
4733,8
4734,5
4735,10
4736,8
4737,2
4738,10
4739,6
4740,11
4741,10
4742,4
4743,6
4744,2
4745,9
4746,11
4747,1
4748,2
4749,1
4750,8
4751,9
4752,11
4753,7
4754,8
4755,2
4756,1
4757,8
4758,4
4759,8
4760,10
4761,2
4762,10
4763,8
4764,10
4765,8
4766,2
4767,9
4768,9
4769,6
4770,8
4771,10
4772,1
4773,3
4774,7
4775,2
4776,10
4777,2
4778,3
4779,2
4780,11
4781,7
4782,2
4783,10
4784,4
4785,1
4786,2
4787,2
4788,5
4789,1
4790,8
4791,10
4792,2
4793,1
4794,2
4795,9
4796,1
4797,1
4798,9
4799,4
4800,11
4801,7
4802,8
4803,11
4804,7
4805,2
4806,9
4807,8
4808,6
4809,2
4810,7
4811,10
4812,4
4813,2
4814,1
4815,2
4816,1
4817,11
4818,5
4819,8
4820,1
4821,3
4822,9
4823,10
4824,4
4825,10
4826,2
4827,1
4828,2
4829,7
4830,2
4831,10
4832,8
4833,7
4834,8
4835,7
4836,4
4837,2
4838,7
4839,6
4840,2
4841,7
4842,8
4843,1
4844,3
4845,2
4846,8
4847,9
4848,10
4849,2
4850,1
4851,3
4852,5
4853,1
4854,2
4855,6
4856,2
4857,3
4858,2
4859,8
4860,10
4861,7
4862,11
4863,7
4864,2
4865,9
4866,10
4867,9
4868,6
4869,10
4870,4
4871,8
4872,2
4873,1
4874,2
4875,8
4876,7
4877,8
4878,7
4879,2
4880,1
4881,7
4882,2
4883,11
4884,6
4885,5
4886,5
4887,8
4888,2
4889,8
4890,5
4891,9
4892,2
4893,11
4894,9
4895,1
4896,7
4897,7
4898,11
4899,7
4900,3
4901,9
4902,7
4903,10
4904,8
4905,7
4906,2
4907,2
4908,10
4909,11
4910,3
4911,4
4912,11
4913,9
4914,6
4915,3
4916,10
4917,1
4918,8
4919,2
4920,10
4921,11
4922,1
4923,4
4924,11
4925,8
4926,2
4927,10
4928,11
4929,2
4930,8
4931,7
4932,1
4933,6
4934,7
4935,3
4936,4
4937,1
4938,7
4939,5
4940,10
4941,7
4942,9
4943,1
4944,4
4945,6
4946,9
4947,8
4948,10
4949,2
4950,11
4951,2
4952,4
4953,1
4954,8
4955,9
4956,10
4957,10
4958,7
4959,7
4960,8
4961,7
4962,8
4963,5
4964,3
4965,7
4966,2
4967,10
4968,1
4969,2
4970,1
4971,6
4972,6
4973,7
4974,5
4975,5
4976,5
4977,1
4978,11
4979,3
4980,8
4981,4
4982,2
4983,9
4984,7
4985,2
4986,10
4987,2
4988,2
4989,10
4990,11
4991,9
4992,10
4993,7
4994,4
4995,1
4996,5
4997,10
4998,11
4999,2
5000,5
5001,4
5002,10
5003,4
5004,9
5005,6
5006,1
5007,9
5008,4
5009,5
5010,4
5011,4
5012,6
5013,3
5014,5
5015,11
5016,1
5017,7
5018,1
5019,9
5020,9
5021,1
5022,6
5023,10
5024,2
5025,1
5026,11
5027,3
5028,1
5029,6
5030,4
5031,10
5032,10
5033,7
5034,6
5035,4
5036,3
5037,1
5038,3
5039,4
5040,2
5041,3
5042,10
5043,10
5044,10
5045,6
5046,9
5047,1
5048,7
5049,10
5050,3
5051,9
5052,7
5053,7
5054,11
5055,8
5056,1
5057,2
5058,7
5059,3
5060,10
5061,11
5062,1
5063,1
5064,7
5065,10
5066,7
5067,3
5068,1
5069,1
5070,11
5071,7
5072,2
5073,10
5074,10
5075,8
5076,2
5077,6
5078,7
5079,9
5080,1
5081,9
5082,11
5083,6
5084,10
5085,7
5086,4
5087,1
5088,4
5089,9
5090,8
5091,5
5092,10
5093,8
5094,1
5095,6
5096,8
5097,5
5098,8
5099,2
5100,10
5101,2
5102,7
5103,3
5104,3
5105,11
5106,8
5107,3
5108,8
5109,5
5110,6
5111,1
5112,2
5113,3
5114,7
5115,11
5116,9
5117,8
5118,7
5119,6
5120,6
5121,1
5122,7
5123,10
5124,5
5125,1
5126,10
5127,7
5128,1
5129,10
5130,8
5131,9
5132,7
5133,11
5134,6
5135,3
5136,6
5137,5
5138,8
5139,7
5140,2
5141,8
5142,11
5143,10
5144,9
5145,10
5146,7
5147,9
5148,11
5149,1
5150,5
5151,10
5152,3
5153,5
5154,8
5155,2
5156,3
5157,7
5158,7
5159,4
5160,4
5161,11
5162,11
5163,2
5164,4
5165,9
5166,7
5167,10
5168,2
5169,10
5170,9
5171,7
5172,11
5173,1
5174,1
5175,5
5176,6
5177,9
5178,11
5179,6
5180,1
5181,8
5182,1
5183,8
5184,4
5185,10
5186,10
5187,8
5188,2
5189,10
5190,4
5191,4
5192,2
5193,1
5194,1
5195,8
5196,4
5197,8
5198,6
5199,7
5200,9
5201,1
5202,11
5203,8
5204,7
5205,4
5206,9
5207,1
5208,4
5209,2
5210,9
5211,2
5212,7
5213,11
5214,9
5215,5
5216,5
5217,1
5218,11
5219,8
5220,11
5221,9
5222,2
5223,8
5224,6
5225,3
5226,6
5227,2
5228,1
5229,4
5230,7
5231,10
5232,10
5233,3
5234,10
5235,8
5236,6
5237,10
5238,10
5239,9
5240,8
5241,11
5242,3
5243,9
5244,8
5245,5
5246,9
5247,10
5248,2
5249,3
5250,2
5251,10
5252,9
5253,5
5254,6
5255,7
5256,2
5257,9
5258,11
5259,2
5260,9
5261,5
5262,8
5263,9
5264,11
5265,7
5266,8
5267,1
5268,3
5269,8
5270,2
5271,1
5272,5
5273,2
5274,2
5275,4
5276,3
5277,7
5278,7
5279,2
5280,4
5281,7
5282,1
5283,9
5284,9
5285,2
5286,3
5287,4
5288,10
5289,4
5290,4
5291,1
5292,11
5293,8
5294,10
5295,9
5296,9
5297,8
5298,8
5299,11
5300,7
5301,2
5302,11
5303,7
5304,7
5305,3
5306,2
5307,8
5308,1
5309,1
5310,11
5311,2
5312,1
5313,1
5314,2
5315,7
5316,8
5317,1
5318,4
5319,3
5320,11
5321,5
5322,5
5323,6
5324,1
5325,8
5326,1
5327,1
5328,3
5329,5
5330,9
5331,11
5332,9
5333,11
5334,6
5335,3
5336,2
5337,8
5338,9
5339,11
5340,1
5341,2
5342,2
5343,5
5344,4
5345,3
5346,6
5347,4
5348,1
5349,8
5350,11
5351,5
5352,2
5353,8
5354,7
5355,9
5356,7
5357,6
5358,5
5359,1
5360,8
5361,3
5362,11
5363,2
5364,7
5365,7
5366,8
5367,8
5368,11
5369,8
5370,8
5371,2
5372,8
5373,1
5374,7
5375,2
5376,2
5377,10
5378,10
5379,7
5380,2
5381,6
5382,4
5383,9
5384,11
5385,1
5386,8
5387,2
5388,8
5389,5
5390,11
5391,10
5392,5
5393,8
5394,8
5395,10
5396,9
5397,7
5398,2
5399,6
5400,3
5401,5
5402,1
5403,1
5404,8
5405,9
5406,7
5407,8
5408,10
5409,9
5410,5
5411,9
5412,11
5413,6
5414,7
5415,1
5416,10
5417,1
5418,7
5419,3
5420,1
5421,6
5422,8
5423,10
5424,8
5425,3
5426,10
5427,6
5428,9
5429,1
5430,3
5431,1
5432,8
5433,1
5434,9
5435,10
5436,2
5437,9
5438,11
5439,5
5440,1
5441,9
5442,9
5443,9
5444,1
5445,7
5446,10
5447,11
5448,6
5449,8
5450,8
5451,4
5452,4
5453,7
5454,9
5455,8
5456,3
5457,9
5458,7
5459,7
5460,1
5461,7
5462,10
5463,7
5464,8
5465,8
5466,11
5467,8
5468,10
5469,4
5470,10
5471,2
5472,1
5473,11
5474,1
5475,1
5476,9
5477,3
5478,11
5479,1
5480,10
5481,7
5482,5
5483,6
5484,8
5485,3
5486,6
5487,10
5488,8
5489,11
5490,6
5491,2
5492,7
5493,9
5494,8
5495,9
5496,3
5497,4
5498,5
5499,10
5500,10
5501,3
5502,8
5503,4
5504,8
5505,2
5506,6
5507,5
5508,8
5509,4
5510,1
5511,9
5512,10
5513,10
5514,8
5515,8
5516,7
5517,10
5518,1
5519,6
5520,9
5521,10
5522,10
5523,3
5524,2
5525,11
5526,8
5527,3
5528,8
5529,8
5530,3
5531,3
5532,5
5533,5
5534,9
5535,7
5536,8
5537,2
5538,9
5539,8
5540,10
5541,2
5542,7
5543,3
5544,3
5545,9
5546,7
5547,11
5548,7
5549,10
5550,3
5551,8
5552,7
5553,11
5554,10
5555,8
5556,2
5557,9
5558,11
5559,6
5560,3
5561,7
5562,7
5563,10
5564,7
5565,11
5566,3
5567,1
5568,2
5569,3
5570,8
5571,8
5572,1
5573,4
5574,2
5575,7
5576,9
5577,9
5578,5
5579,4
5580,9
5581,8
5582,2
5583,3
5584,10
5585,3
5586,8
5587,3
5588,7
5589,8
5590,2
5591,10
5592,8
5593,1
5594,7
5595,7
5596,2
5597,7
5598,10
5599,8
5600,6
5601,5
5602,6
5603,6
5604,5
5605,8
5606,4
5607,7
5608,2
5609,2
5610,9
5611,6
5612,8
5613,11
5614,8
5615,1
5616,8
5617,11
5618,6
5619,4
5620,1
5621,8
5622,7
5623,2
5624,1
5625,10
5626,11
5627,7
5628,3
5629,10
5630,7
5631,7
5632,7
5633,11
5634,2
5635,9
5636,7
5637,8
5638,8
5639,11
5640,8
5641,1
5642,10
5643,6
5644,1
5645,1
5646,7
5647,8
5648,11
5649,4
5650,5
5651,8
5652,11
5653,1
5654,1
5655,1
5656,6
5657,5
5658,8
5659,6
5660,8
5661,2
5662,8
5663,10
5664,10
5665,9
5666,2
5667,3
5668,4
5669,5
5670,9
5671,11
5672,9
5673,1
5674,7
5675,8
5676,5
5677,3
5678,9
5679,10
5680,8
5681,2
5682,11
5683,8
5684,9
5685,2
5686,1
5687,7
5688,5
5689,7
5690,6
5691,2
5692,7
5693,3
5694,5
5695,11
5696,3
5697,10
5698,3
5699,11
5700,3
5701,1
5702,8
5703,7
5704,11
5705,4
5706,1
5707,2
5708,2
5709,9
5710,7
5711,8
5712,7
5713,8
5714,9
5715,9
5716,10
5717,8
5718,1
5719,11
5720,2
5721,10
5722,4
5723,3
5724,4
5725,8
5726,10
5727,2
5728,3
5729,11
5730,9
5731,2
5732,6
5733,5
5734,10
5735,8
5736,5
5737,8
5738,5
5739,3
5740,2
5741,10
5742,10
5743,10
5744,5
5745,10
5746,7
5747,6
5748,9
5749,8
5750,1
5751,4
5752,3
5753,11
5754,1
5755,10
5756,2
5757,1
5758,3
5759,7
5760,2
5761,5
5762,9
5763,1
5764,9
5765,3
5766,7
5767,2
5768,7
5769,8
5770,11
5771,8
5772,2
5773,10
5774,10
5775,11
5776,1
5777,9
5778,4
5779,4
5780,5
5781,9
5782,1
5783,7
5784,4
5785,6
5786,9
5787,7
5788,2
5789,11
5790,5
5791,8
5792,2
5793,7
5794,8
5795,2
5796,8
5797,5
5798,1
5799,8
5800,11
5801,5
5802,9
5803,8
5804,9
5805,7
5806,6
5807,10
5808,1
5809,8
5810,1
5811,11
5812,7
5813,2
5814,1
5815,2
5816,9
5817,10
5818,9
5819,2
5820,8
5821,10
5822,9
5823,5
5824,9
5825,10
5826,7
5827,7
5828,9
5829,8
5830,4
5831,7
5832,3
5833,8
5834,11
5835,10
5836,3
5837,1
5838,2
5839,2
5840,7
5841,3
5842,9
5843,11
5844,11
5845,3
5846,10
5847,8
5848,3
5849,4
5850,8
5851,10
5852,1
5853,5
5854,1
5855,6
5856,1
5857,9
5858,3
5859,2
5860,11
5861,5
5862,2
5863,9
5864,11
5865,9
5866,1
5867,4
5868,7
5869,10
5870,10
5871,7
5872,8
5873,4
5874,4
5875,1
5876,11
5877,1
5878,10
5879,1
5880,11
5881,4
5882,5
5883,7
5884,11
5885,7
5886,11
5887,11
5888,1
5889,9
5890,11
5891,2
5892,6
5893,1
5894,1
5895,9
5896,4
5897,8
5898,11
5899,8
5900,1
5901,2
5902,4
5903,6
5904,3
5905,2
5906,10
5907,10
5908,10
5909,10
5910,2
5911,7
5912,3
5913,11
5914,3
5915,1
5916,2
5917,2
5918,3
5919,3
5920,11
5921,9
5922,8
5923,4
5924,8
5925,8
5926,11
5927,4
5928,8
5929,5
5930,1
5931,8
5932,6
5933,1
5934,7
5935,2
5936,1
5937,9
5938,3
5939,4
5940,8
5941,8
5942,8
5943,8
5944,7
5945,4
5946,10
5947,7
5948,1
5949,8
5950,9
5951,11
5952,1
5953,3
5954,5
5955,2
5956,9
5957,2
5958,6
5959,11
5960,9
5961,8
5962,4
5963,2
5964,5
5965,4
5966,9
5967,1
5968,10
5969,6
5970,1
5971,2
5972,6
5973,7
5974,4
5975,11
5976,9
5977,2
5978,11
5979,10
5980,2
5981,8
5982,1
5983,8
5984,11
5985,7
5986,1
5987,2
5988,9
5989,8
5990,9
5991,4
5992,2
5993,9
5994,1
5995,11
5996,3
5997,7
5998,11
5999,7
6000,1
6001,8
6002,9
6003,8
6004,6
6005,1
6006,10
6007,7
6008,11
6009,3
6010,2
6011,7
6012,7
6013,2
6014,10
6015,5
6016,2
6017,8
6018,1
6019,7
6020,11
6021,2
6022,8
6023,7
6024,10
6025,9
6026,3
6027,1
6028,1
6029,4
6030,8
6031,2
6032,6
6033,8
6034,3
6035,2
6036,10
6037,4
6038,7
6039,11
6040,2
6041,9
6042,6
6043,9
6044,4
6045,2
6046,4
6047,9
6048,2
6049,2
6050,3
6051,2
6052,2
6053,7
6054,3
6055,2
6056,2
6057,2
6058,8
6059,10
6060,10
6061,11
6062,3
6063,4
6064,2
6065,10
6066,1
6067,4
6068,3
6069,2
6070,1
6071,11
6072,10
6073,8
6074,1
6075,2
6076,2
6077,1
6078,1
6079,4
6080,1
6081,1
6082,11
6083,7
6084,4
6085,9
6086,4
6087,3
6088,4
6089,1
6090,3
6091,2
6092,6
6093,9
6094,10
6095,3
6096,1
6097,3
6098,8
6099,3
6100,1
6101,10
6102,6
6103,9
6104,3
6105,2
6106,8
6107,8
6108,9
6109,2
6110,7
6111,1
6112,8
6113,9
6114,7
6115,10
6116,9
6117,10
6118,7
6119,10
6120,1
6121,8
6122,10
6123,11
6124,11
6125,7
6126,9
6127,1
6128,1
6129,1
6130,7
6131,11
6132,11
6133,4
6134,5
6135,11
6136,1
6137,10
6138,9
6139,10
6140,11
6141,1
6142,8
6143,7
6144,7
6145,3
6146,7
6147,2
6148,6
6149,1
6150,2
6151,4
6152,1
6153,9
6154,1
6155,10
6156,3
6157,9
6158,11
6159,10
6160,1
6161,11
6162,8
6163,2
6164,4
6165,1
6166,1
6167,5
6168,4
6169,2
6170,7
6171,1
6172,2
6173,9
6174,11
6175,1
6176,3
6177,8
6178,11
6179,3
6180,4
6181,7
6182,10
6183,11
6184,2
6185,10
6186,1
6187,3
6188,8
6189,1
6190,6
6191,3
6192,4
6193,3
6194,7
6195,6
6196,2
6197,7
6198,8
6199,8
6200,9
6201,1
6202,10
6203,2
6204,7
6205,2
6206,1
6207,3
6208,8
6209,11
6210,9
6211,1
6212,4
6213,8
6214,6
6215,1
6216,6
6217,8
6218,3
6219,1
6220,3
6221,4
6222,8
6223,1
6224,7
6225,4
6226,7
6227,9
6228,8
6229,4
6230,2
6231,2
6232,6
6233,9
6234,11
6235,2
6236,11
6237,9
6238,2
6239,8
6240,7
6241,9
6242,9
6243,8
6244,11
6245,7
6246,8
6247,7
6248,4
6249,7
6250,4
6251,7
6252,2
6253,6
6254,1
6255,1
6256,3
6257,3
6258,10
6259,7
6260,9
6261,1
6262,11
6263,11
6264,9
6265,2
6266,8
6267,5
6268,6
6269,6
6270,6
6271,1
6272,8
6273,1
6274,7
6275,8
6276,1
6277,2
6278,6
6279,2
6280,10
6281,9
6282,2
6283,5
6284,6
6285,7
6286,1
6287,10
6288,1
6289,11
6290,2
6291,6
6292,1
6293,11
6294,5
6295,5
6296,5
6297,7
6298,9
6299,3
6300,1
6301,4
6302,7
6303,3
6304,10
6305,2
6306,1
6307,1
6308,10
6309,9
6310,2
6311,1
6312,10
6313,9
6314,8
6315,9
6316,7
6317,11
6318,2
6319,9
6320,9
6321,3
6322,2
6323,8
6324,10
6325,2
6326,3
6327,8
6328,3
6329,8
6330,7
6331,1
6332,1
6333,1
6334,3
6335,4
6336,8
6337,9
6338,8
6339,5
6340,8
6341,1
6342,2
6343,4
6344,3
6345,11
6346,10
6347,2
6348,4
6349,6
6350,1
6351,7
6352,7
6353,7
6354,9
6355,8
6356,1
6357,8
6358,2
6359,7
6360,3
6361,6
6362,1
6363,11
6364,2
6365,10
6366,8
6367,7
6368,1
6369,1
6370,9
6371,11
6372,2
6373,3
6374,10
6375,2
6376,9
6377,8
6378,1
6379,11
6380,8
6381,11
6382,11
6383,8
6384,11
6385,11
6386,2
6387,8
6388,8
6389,10
6390,1
6391,4
6392,1
6393,2
6394,8
6395,3
6396,4
6397,9
6398,11
6399,3
6400,1
6401,9
6402,8
6403,2
6404,7
6405,11
6406,8
6407,11
6408,2
6409,8
6410,2
6411,3
6412,7
6413,8
6414,9
6415,2
6416,4
6417,10
6418,9
6419,8
6420,11
6421,1
6422,2
6423,5
6424,11
6425,7
6426,2
6427,5
6428,1
6429,6
6430,2
6431,5
6432,1
6433,1
6434,5
6435,2
6436,4
6437,7
6438,11
6439,2
6440,9
6441,7
6442,3
6443,9
6444,9
6445,10
6446,11
6447,2
6448,1
6449,10
6450,1
6451,2
6452,9
6453,10
6454,8
6455,8
6456,4
6457,11
6458,3
6459,1
6460,8
6461,1
6462,7
6463,1
6464,7
6465,2
6466,3
6467,11
6468,9
6469,11
6470,8
6471,9
6472,8
6473,1
6474,2
6475,1
6476,7
6477,7
6478,6
6479,1
6480,1
6481,11
6482,2
6483,2
6484,2
6485,2
6486,11
6487,3
6488,5
6489,11
6490,1
6491,2
6492,11
6493,11
6494,8
6495,5
6496,5
6497,6
6498,7
6499,2
6500,1
6501,6
6502,4
6503,8
6504,10
6505,4
6506,11
6507,4
6508,6
6509,10
6510,3
6511,5
6512,2
6513,4
6514,7
6515,10
6516,11
6517,1
6518,8
6519,4
6520,6
6521,6
6522,3
6523,11
6524,7
6525,5
6526,7
6527,2
6528,3
6529,6
6530,8
6531,1
6532,1
6533,2
6534,2
6535,10
6536,1
6537,2
6538,6
6539,9
6540,9
6541,1
6542,2
6543,8
6544,2
6545,3
6546,5
6547,6
6548,2
6549,7
6550,1
6551,2
6552,7
6553,7
6554,11
6555,11
6556,1
6557,5
6558,8
6559,8
6560,7
6561,1
6562,3
6563,8
6564,4
6565,3
6566,3
6567,1
6568,9
6569,2
6570,2
6571,7
6572,2
6573,11
6574,6
6575,10
6576,1
6577,4
6578,2
6579,11
6580,2
6581,3
6582,1
6583,8
6584,10
6585,3
6586,8
6587,9
6588,4
6589,9
6590,2
6591,6
6592,7
6593,7
6594,3
6595,5
6596,7
6597,1
6598,3
6599,2
6600,11
6601,9
6602,7
6603,2
6604,2
6605,1
6606,5
6607,1
6608,8
6609,9
6610,3
6611,2
6612,8
6613,1
6614,10
6615,10
6616,4
6617,2
6618,11
6619,3
6620,4
6621,7
6622,8
6623,1
6624,8
6625,3
6626,1
6627,2
6628,1
6629,1
6630,1
6631,10
6632,9
6633,2
6634,3
6635,10
6636,9
6637,8
6638,4
6639,1
6640,11
6641,10
6642,5
6643,11
6644,8
6645,8
6646,2
6647,3
6648,6
6649,11
6650,4
6651,10
6652,11
6653,7
6654,7
6655,1
6656,8
6657,8
6658,1
6659,7
6660,11
6661,1
6662,3
6663,8
6664,1
6665,8
6666,4
6667,10
6668,10
6669,4
6670,9
6671,1
6672,7
6673,3
6674,2
6675,11
6676,9
6677,7
6678,7
6679,11
6680,9
6681,11
6682,2
6683,8
6684,10
6685,9
6686,7
6687,10
6688,3
6689,8
6690,3
6691,5
6692,10
6693,2
6694,3
6695,2
6696,7
6697,4
6698,4
6699,8
6700,1
6701,1
6702,8
6703,1
6704,11
6705,11
6706,11
6707,7
6708,11
6709,2
6710,6
6711,5
6712,1
6713,11
6714,1
6715,9
6716,7
6717,10
6718,8
6719,10
6720,8
6721,1
6722,3
6723,6
6724,2
6725,7
6726,7
6727,11
6728,10
6729,11
6730,8
6731,10
6732,4
6733,1
6734,7
6735,10
6736,8
6737,11
6738,5
6739,2
6740,1
6741,7
6742,7
6743,3
6744,8
6745,10
6746,2
6747,10
6748,3
6749,8
6750,5
6751,11
6752,10
6753,11
6754,10
6755,11
6756,8
6757,3
6758,5
6759,2
6760,7
6761,1
6762,9
6763,8
6764,5
6765,10
6766,3
6767,8
6768,11
6769,1
6770,9
6771,8
6772,3
6773,5
6774,7
6775,9
6776,7
6777,7
6778,4
6779,11
6780,8
6781,4
6782,4
6783,9
6784,10
6785,6
6786,1
6787,9
6788,3
6789,10
6790,2
6791,4
6792,11
6793,2
6794,9
6795,3
6796,11
6797,8
6798,10
6799,6
6800,11
6801,6
6802,3
6803,11
6804,4
6805,2
6806,1
6807,9
6808,2
6809,3
6810,6
6811,10
6812,4
6813,1
6814,2
6815,5
6816,2
6817,5
6818,2
6819,11
6820,1
6821,2
6822,8
6823,10
6824,10
6825,5
6826,11
6827,2
6828,1
6829,11
6830,2
6831,7
6832,3
6833,10
6834,9
6835,1
6836,10
6837,4
6838,7
6839,7
6840,4
6841,2
6842,7
6843,9
6844,10
6845,9
6846,2
6847,8
6848,2
6849,10
6850,4
6851,8
6852,9
6853,7
6854,2
6855,7
6856,8
6857,9
6858,11
6859,8
6860,3
6861,9
6862,7
6863,7
6864,3
6865,1
6866,10
6867,2
6868,1
6869,10
6870,2
6871,8
6872,11
6873,10
6874,9
6875,4
6876,2
6877,4
6878,9
6879,3
6880,7
6881,6
6882,1
6883,11
6884,1
6885,6
6886,4
6887,7
6888,1
6889,8
6890,1
6891,10
6892,8
6893,8
6894,2
6895,2
6896,1
6897,7
6898,1
6899,2
6900,10
6901,10
6902,7
6903,9
6904,1
6905,1
6906,1
6907,1
6908,2
6909,3
6910,8
6911,3
6912,5
6913,3
6914,2
6915,7
6916,8
6917,8
6918,8
6919,1
6920,8
6921,7
6922,4
6923,7
6924,8
6925,10
6926,11
6927,7
6928,7
6929,8
6930,9
6931,7
6932,9
6933,9
6934,9
6935,11
6936,7
6937,9
6938,4
6939,3
6940,4
6941,3
6942,8
6943,5
6944,7
6945,11
6946,6
6947,1
6948,9
6949,8
6950,9
6951,5
6952,10
6953,11
6954,2
6955,6
6956,1
6957,7
6958,10
6959,6
6960,5
6961,11
6962,1
6963,1
6964,2
6965,6
6966,3
6967,10
6968,2
6969,4
6970,8
6971,7
6972,9
6973,10
6974,3
6975,10
6976,6
6977,9
6978,7
6979,2
6980,10
6981,5
6982,7
6983,10
6984,4
6985,4
6986,4
6987,3
6988,2
6989,4
6990,8
6991,4
6992,2
6993,6
6994,4
6995,1
6996,3
6997,8
6998,2
6999,11
7000,4
7001,8
7002,9
7003,11
7004,2
7005,7
7006,8
7007,4
7008,7
7009,7
7010,9
7011,6
7012,1
7013,3
7014,3
7015,9
7016,8
7017,7
7018,10
7019,11
7020,1
7021,8
7022,4
7023,8
7024,9
7025,10
7026,9
7027,5
7028,1
7029,2
7030,4
7031,3
7032,11
7033,10
7034,7
7035,7
7036,3
7037,7
7038,7
7039,5
7040,2
7041,9
7042,2
7043,2
7044,8
7045,9
7046,7
7047,9
7048,3
7049,8
7050,1
7051,2
7052,10
7053,9
7054,2
7055,5
7056,6
7057,3
7058,6
7059,8
7060,1
7061,1
7062,10
7063,9
7064,7
7065,4
7066,7
7067,6
7068,7
7069,2
7070,11
7071,8
7072,3
7073,1
7074,1
7075,2
7076,3
7077,1
7078,1
7079,9
7080,7
7081,1
7082,6
7083,6
7084,1
7085,8
7086,9
7087,2
7088,2
7089,5
7090,11
7091,10
7092,8
7093,1
7094,2
7095,1
7096,1
7097,3
7098,10
7099,3
7100,2
7101,11
7102,5
7103,9
7104,9
7105,7
7106,9
7107,8
7108,7
7109,8
7110,6
7111,8
7112,6
7113,8
7114,11
7115,8
7116,7
7117,8
7118,3
7119,9
7120,3
7121,11
7122,4
7123,5
7124,8
7125,11
7126,2
7127,5
7128,9
7129,2
7130,8
7131,10
7132,10
7133,10
7134,1
7135,10
7136,5
7137,9
7138,3
7139,6
7140,10
7141,4
7142,10
7143,1
7144,7
7145,1
7146,2
7147,2
7148,5
7149,1
7150,11
7151,8
7152,10
7153,8
7154,8
7155,7
7156,9
7157,7
7158,5
7159,9
7160,1
7161,10
7162,9
7163,1
7164,10
7165,6
7166,8
7167,10
7168,10
7169,3
7170,9
7171,8
7172,5
7173,9
7174,7
7175,5
7176,9
7177,3
7178,1
7179,1
7180,11
7181,2
7182,11
7183,6
7184,10
7185,2
7186,3
7187,10
7188,2
7189,11
7190,10
7191,4
7192,3
7193,4
7194,2
7195,3
7196,3
7197,10
7198,1
7199,10
7200,5
7201,4
7202,11
7203,7
7204,9
7205,8
7206,7
7207,1
7208,3
7209,4
7210,7
7211,8
7212,5
7213,1
7214,11
7215,7
7216,2
7217,10
7218,4
7219,8
7220,5
7221,9
7222,1
7223,9
7224,2
7225,10
7226,8
7227,8
7228,7
7229,5
7230,3
7231,2
7232,9
7233,6
7234,1
7235,6
7236,1
7237,11
7238,8
7239,8
7240,10
7241,11
7242,1
7243,9
7244,8
7245,1
7246,1
7247,8
7248,8
7249,6
7250,2
7251,7
7252,7
7253,1
7254,2
7255,9
7256,2
7257,7
7258,6
7259,9
7260,6
7261,9
7262,2
7263,3
7264,1
7265,7
7266,8
7267,6
7268,1
7269,5
7270,7
7271,8
7272,9
7273,8
7274,7
7275,3
7276,2
7277,10
7278,4
7279,7
7280,11
7281,1
7282,6
7283,4
7284,8
7285,6
7286,7
7287,9
7288,2
7289,10
7290,11
7291,3
7292,11
7293,2
7294,11
7295,9
7296,5
7297,8
7298,5
7299,8
7300,11
7301,8
7302,10
7303,1
7304,5
7305,2
7306,1
7307,3
7308,11
7309,6
7310,4
7311,10
7312,11
7313,6
7314,8
7315,7
7316,10
7317,7
7318,8
7319,2
7320,3
7321,6
7322,9
7323,1
7324,5
7325,2
7326,8
7327,11
7328,2
7329,2
7330,11
7331,8
7332,5
7333,3
7334,8
7335,10
7336,4
7337,3
7338,7
7339,2
7340,4
7341,2
7342,3
7343,2
7344,4
7345,3
7346,11
7347,10
7348,8
7349,9
7350,8
7351,10
7352,7
7353,4
7354,1
7355,10
7356,1
7357,4
7358,2
7359,3
7360,2
7361,4
7362,1
7363,11
7364,11
7365,7
7366,10
7367,8
7368,7
7369,11
7370,5
7371,1
7372,11
7373,5
7374,5
7375,9
7376,7
7377,5
7378,3
7379,1
7380,1
7381,11
7382,5
7383,5
7384,5
7385,8
7386,3
7387,5
7388,4
7389,1
7390,4
7391,2
7392,7
7393,3
7394,4
7395,10
7396,1
7397,3
7398,2
7399,8
7400,9
7401,4
7402,10
7403,9
7404,1
7405,2
7406,8
7407,9
7408,6
7409,6
7410,7
7411,2
7412,1
7413,2
7414,3
7415,4
7416,5
7417,6
7418,8
7419,3
7420,3
7421,1
7422,6
7423,2
7424,6
7425,1
7426,9
7427,5
7428,8
7429,2
7430,11
7431,9
7432,7
7433,10
7434,8
7435,11
7436,5
7437,8
7438,1
7439,4
7440,3
7441,8
7442,11
7443,8
7444,9
7445,3
7446,11
7447,2
7448,4
7449,8
7450,3
7451,8
7452,1
7453,10
7454,2
7455,3
7456,7
7457,5
7458,2
7459,8
7460,7
7461,10
7462,2
7463,7
7464,9
7465,7
7466,4
7467,2
7468,9
7469,8
7470,3
7471,9
7472,6
7473,4
7474,5
7475,11
7476,3
7477,2
7478,1
7479,5
7480,1
7481,1
7482,8
7483,10
7484,2
7485,4
7486,1
7487,3
7488,8
7489,1
7490,10
7491,6
7492,10
7493,5
7494,9
7495,3
7496,3
7497,11
7498,4
7499,7
7500,8
7501,5
7502,11
7503,5
7504,1
7505,8
7506,5
7507,1
7508,7
7509,8
7510,1
7511,7
7512,8
7513,8
7514,10
7515,10
7516,3
7517,9
7518,10
7519,10
7520,10
7521,2
7522,8
7523,4
7524,8
7525,10
7526,1
7527,2
7528,9
7529,2
7530,11
7531,7
7532,4
7533,1
7534,4
7535,2
7536,7
7537,9
7538,2
7539,1
7540,2
7541,1
7542,11
7543,1
7544,4
7545,6
7546,6
7547,8
7548,2
7549,2
7550,8
7551,6
7552,1
7553,3
7554,4
7555,8
7556,2
7557,3
7558,4
7559,4
7560,1
7561,4
7562,5
7563,11
7564,8
7565,2
7566,4
7567,10
7568,1
7569,4
7570,1
7571,11
7572,8
7573,11
7574,6
7575,2
7576,11
7577,1
7578,10
7579,6
7580,2
7581,11
7582,1
7583,6
7584,5
7585,5
7586,7
7587,2
7588,1
7589,11
7590,11
7591,9
7592,3
7593,10
7594,7
7595,4
7596,1
7597,2
7598,5
7599,11
7600,7
7601,9
7602,11
7603,1
7604,11
7605,1
7606,7
7607,9
7608,10
7609,8
7610,11
7611,4
7612,9
7613,3
7614,8
7615,8
7616,11
7617,1
7618,8
7619,2
7620,1
7621,11
7622,4
7623,8
7624,1
7625,8
7626,8
7627,7
7628,11
7629,1
7630,10
7631,10
7632,10
7633,10
7634,3
7635,1
7636,3
7637,2
7638,9
7639,10
7640,10
7641,7
7642,6
7643,5
7644,10
7645,7
7646,2
7647,1
7648,1
7649,3
7650,7
7651,2
7652,4
7653,1
7654,1
7655,4
7656,1
7657,3
7658,1
7659,9
7660,1
7661,7
7662,2
7663,7
7664,7
7665,2
7666,10
7667,7
7668,8
7669,11
7670,8
7671,9
7672,7
7673,4
7674,5
7675,2
7676,8
7677,3
7678,2
7679,7
7680,2
7681,10
7682,10
7683,3
7684,9
7685,1
7686,2
7687,2
7688,3
7689,10
7690,3
7691,7
7692,10
7693,3
7694,10
7695,8
7696,9
7697,8
7698,10
7699,11
7700,9
7701,8
7702,1
7703,3
7704,8
7705,7
7706,11
7707,9
7708,8
7709,1
7710,3
7711,6
7712,11
7713,2
7714,7
7715,8
7716,10
7717,4
7718,1
7719,7
7720,11
7721,8
7722,1
7723,1
7724,1
7725,1
7726,1
7727,9
7728,2
7729,1
7730,6
7731,8
7732,10
7733,9
7734,7
7735,8
7736,10
7737,5
7738,4
7739,4
7740,2
7741,2
7742,1
7743,1
7744,9
7745,10
7746,2
7747,8
7748,1
7749,11
7750,11
7751,10
7752,11
7753,2
7754,8
7755,7
7756,8
7757,11
7758,8
7759,3
7760,8
7761,4
7762,9
7763,11
7764,7
7765,10
7766,8
7767,4
7768,9
7769,7
7770,2
7771,8
7772,1
7773,8
7774,8
7775,10
7776,2
7777,9
7778,10
7779,3
7780,1
7781,9
7782,1
7783,11
7784,2
7785,8
7786,6
7787,7
7788,7
7789,2
7790,8
7791,9
7792,4
7793,2
7794,9
7795,10
7796,8
7797,6
7798,5
7799,1
7800,1
7801,8
7802,1
7803,2
7804,7
7805,4
7806,7
7807,11
7808,1
7809,3
7810,9
7811,9
7812,9
7813,9
7814,10
7815,7
7816,11
7817,8
7818,8
7819,7
7820,4
7821,3
7822,6
7823,3
7824,7
7825,10
7826,10
7827,5
7828,2
7829,4
7830,11
7831,11
7832,4
7833,7
7834,8
7835,1
7836,4
7837,1
7838,10
7839,8
7840,7
7841,9
7842,2
7843,9
7844,7
7845,5
7846,10
7847,11
7848,7
7849,9
7850,1
7851,9
7852,9
7853,6
7854,3
7855,11
7856,4
7857,3
7858,7
7859,5
7860,11
7861,8
7862,10
7863,3
7864,3
7865,10
7866,9
7867,11
7868,10
7869,3
7870,8
7871,2
7872,8
7873,3
7874,9
7875,1
7876,10
7877,5
7878,9
7879,3
7880,3
7881,10
7882,9
7883,3
7884,10
7885,2
7886,2
7887,10
7888,3
7889,1
7890,8
7891,3
7892,10
7893,9
7894,3
7895,11
7896,4
7897,2
7898,11
7899,11
7900,11
7901,2
7902,10
7903,8
7904,7
7905,7
7906,9
7907,10
7908,10
7909,2
7910,4
7911,2
7912,7
7913,4
7914,10
7915,7
7916,10
7917,1
7918,1
7919,3
7920,10
7921,11
7922,3
7923,8
7924,7
7925,2
7926,9
7927,11
7928,5
7929,1
7930,11
7931,6
7932,10
7933,11
7934,2
7935,9
7936,1
7937,11
7938,2
7939,4
7940,7
7941,7
7942,2
7943,10
7944,10
7945,1
7946,5
7947,10
7948,4
7949,7
7950,8
7951,3
7952,9
7953,9
7954,6
7955,9
7956,8
7957,10
7958,1
7959,5
7960,8
7961,1
7962,5
7963,2
7964,9
7965,8
7966,1
7967,7
7968,5
7969,2
7970,4
7971,1
7972,2
7973,9
7974,10
7975,9
7976,5
7977,8
7978,10
7979,3
7980,9
7981,2
7982,7
7983,5
7984,7
7985,10
7986,7
7987,8
7988,11
7989,11
7990,10
7991,5
7992,7
7993,2
7994,11
7995,1
7996,4
7997,9
7998,2
7999,1
8000,10
8001,1
8002,3
8003,9
8004,11
8005,4
8006,10
8007,10
8008,7
8009,1
8010,1
8011,9
8012,11
8013,1
8014,9
8015,5
8016,10
8017,2
8018,3
8019,7
8020,10
8021,7
8022,1
8023,6
8024,5
8025,1
8026,9
8027,8
8028,2
8029,8
8030,5
8031,3
8032,1
8033,4
8034,2
8035,8
8036,2
8037,8
8038,9
8039,7
8040,7
8041,2
8042,10
8043,3
8044,8
8045,9
8046,9
8047,9
8048,1
8049,8
8050,2
8051,2
8052,1
8053,2
8054,2
8055,1
8056,9
8057,11
8058,3
8059,1
8060,10
8061,8
8062,9
8063,7
8064,11
8065,7
8066,4
8067,9
8068,7
8069,1
8070,7
8071,4
8072,4
8073,11
8074,11
8075,2
8076,4
8077,1
8078,8
8079,2
8080,8
8081,3
8082,1
8083,2
8084,7
8085,11
8086,10
8087,2
8088,2
8089,5
8090,2
8091,10
8092,8
8093,6
8094,2
8095,6
8096,8
8097,2
8098,8
8099,1
8100,5
8101,10
8102,11
8103,10
8104,1
8105,1
8106,6
8107,2
8108,11
8109,8
8110,11
8111,2
8112,11
8113,10
8114,2
8115,11
8116,11
8117,4
8118,2
8119,8
8120,5
8121,1
8122,2
8123,11
8124,1
8125,2
8126,7
8127,8
8128,11
8129,9
8130,2
8131,8
8132,4
8133,4
8134,3
8135,11
8136,2
8137,3
8138,9
8139,11
8140,10
8141,5
8142,8
8143,9
8144,7
8145,7
8146,10
8147,8
8148,8
8149,2
8150,8
8151,1
8152,10
8153,10
8154,7
8155,6
8156,7
8157,11
8158,9
8159,7
8160,1
8161,1
8162,4
8163,10
8164,4
8165,5
8166,7
8167,2
8168,11
8169,8
8170,8
8171,4
8172,6
8173,10
8174,2
8175,2
8176,6
8177,6
8178,10
8179,1
8180,11
8181,8
8182,1
8183,5
8184,11
8185,4
8186,11
8187,8
8188,10
8189,10
8190,8
8191,6
8192,9
8193,6
8194,11
8195,1
8196,3
8197,9
8198,10
8199,10
8200,7
8201,10
8202,3
8203,4
8204,1
8205,1
8206,7
8207,8
8208,2
8209,9
8210,4
8211,9
8212,1
8213,4
8214,7
8215,9
8216,3
8217,2
8218,3
8219,7
8220,5
8221,1
8222,9
8223,7
8224,8
8225,5
8226,11
8227,10
8228,2
8229,8
8230,8
8231,7
8232,1
8233,10
8234,7
8235,7
8236,1
8237,4
8238,3
8239,11
8240,2
8241,7
8242,6
8243,6
8244,4
8245,7
8246,9
8247,3
8248,3
8249,11
8250,3
8251,2
8252,11
8253,9
8254,3
8255,7
8256,9
8257,1
8258,10
8259,4
8260,10
8261,9
8262,11
8263,11
8264,8
8265,7
8266,7
8267,3
8268,2
8269,10
8270,3
8271,8
8272,10
8273,4
8274,2
8275,10
8276,10
8277,1
8278,3
8279,4
8280,9
8281,3
8282,7
8283,8
8284,6
8285,2
8286,2
8287,10
8288,4
8289,2
8290,11
8291,10
8292,3
8293,11
8294,1
8295,10
8296,2
8297,1
8298,2
8299,3
8300,1
8301,10
8302,4
8303,4
8304,11
8305,2
8306,10
8307,1
8308,6
8309,11
8310,11
8311,9
8312,7
8313,9
8314,8
8315,9
8316,6
8317,10
8318,2
8319,11
8320,5
8321,7
8322,11
8323,4
8324,7
8325,3
8326,9
8327,3
8328,11
8329,7
8330,4
8331,2
8332,7
8333,11
8334,7
8335,4
8336,1
8337,7
8338,3
8339,6
8340,5
8341,7
8342,11
8343,11
8344,5
8345,4
8346,10
8347,3
8348,2
8349,4
8350,10
8351,10
8352,3
8353,5
8354,6
8355,8
8356,11
8357,7
8358,9
8359,11
8360,8
8361,7
8362,3
8363,11
8364,11
8365,1
8366,11
8367,7
8368,7
8369,8
8370,2
8371,10
8372,6
8373,5
8374,7
8375,3
8376,10
8377,3
8378,8
8379,8
8380,2
8381,2
8382,5
8383,7
8384,3
8385,3
8386,3
8387,2
8388,7
8389,11
8390,7
8391,3
8392,3
8393,3
8394,1
8395,1
8396,5
8397,10
8398,8
8399,10
8400,11
8401,4
8402,10
8403,2
8404,10
8405,3
8406,9
8407,1
8408,1
8409,2
8410,2
8411,1
8412,9
8413,3
8414,4
8415,4
8416,10
8417,7
8418,2
8419,6
8420,8
8421,2
8422,3
8423,6
8424,1
8425,8
8426,1
8427,3
8428,9
8429,11
8430,8
8431,11
8432,9
8433,11
8434,8
8435,11
8436,4
8437,2
8438,10
8439,10
8440,7
8441,5
8442,3
8443,10
8444,9
8445,10
8446,8
8447,9
8448,7
8449,7
8450,7
8451,6
8452,3
8453,5
8454,8
8455,3
8456,7
8457,4
8458,1
8459,6
8460,10
8461,2
8462,8
8463,7
8464,6
8465,10
8466,5
8467,4
8468,10
8469,10
8470,1
8471,11
8472,10
8473,11
8474,4
8475,1
8476,1
8477,11
8478,8
8479,2
8480,2
8481,4
8482,11
8483,2
8484,3
8485,7
8486,1
8487,4
8488,11
8489,10
8490,7
8491,2
8492,9
8493,4
8494,9
8495,7
8496,2
8497,10
8498,11
8499,10
8500,7
8501,1
8502,7
8503,11
8504,3
8505,2
8506,3
8507,2
8508,10
8509,7
8510,10
8511,4
8512,10
8513,6
8514,9
8515,11
8516,5
8517,1
8518,2
8519,3
8520,11
8521,6
8522,10
8523,7
8524,5
8525,2
8526,4
8527,2
8528,8
8529,6
8530,5
8531,11
8532,7
8533,4
8534,10
8535,9
8536,8
8537,4
8538,9
8539,7
8540,9
8541,3
8542,9
8543,1
8544,1
8545,2
8546,7
8547,4
8548,8
8549,8
8550,1
8551,6
8552,8
8553,1
8554,2
8555,7
8556,1
8557,10
8558,2
8559,8
8560,11
8561,4
8562,7
8563,7
8564,11
8565,6
8566,8
8567,10
8568,10
8569,9
8570,9
8571,5
8572,1
8573,9
8574,1
8575,11
8576,7
8577,7
8578,4
8579,11
8580,5
8581,11
8582,3
8583,10
8584,10
8585,2
8586,1
8587,6
8588,8
8589,2
8590,9
8591,1
8592,9
8593,9
8594,1
8595,11
8596,8
8597,9
8598,4
8599,9
8600,5
8601,10
8602,3
8603,4
8604,10
8605,2
8606,9
8607,3
8608,10
8609,10
8610,7
8611,7
8612,4
8613,11
8614,9
8615,1
8616,10
8617,7
8618,10
8619,7
8620,8
8621,2
8622,8
8623,1
8624,6
8625,10
8626,1
8627,8
8628,10
8629,4
8630,4
8631,2
8632,6
8633,7
8634,4
8635,10
8636,5
8637,3
8638,3
8639,10
8640,11
8641,2
8642,8
8643,1
8644,4
8645,1
8646,2
8647,1
8648,9
8649,2
8650,10
8651,9
8652,9
8653,3
8654,4
8655,3
8656,8
8657,8
8658,11
8659,10
8660,8
8661,7
8662,1
8663,5
8664,8
8665,8
8666,7
8667,1
8668,11
8669,1
8670,8
8671,1
8672,7
8673,8
8674,11
8675,7
8676,8
8677,6
8678,10
8679,2
8680,2
8681,4
8682,5
8683,11
8684,4
8685,7
8686,11
8687,8
8688,4
8689,8
8690,2
8691,10
8692,1
8693,3
8694,11
8695,3
8696,10
8697,8
8698,4
8699,5
8700,8
8701,10
8702,2
8703,10
8704,10
8705,1
8706,11
8707,3
8708,7
8709,4
8710,10
8711,3
8712,10
8713,2
8714,10
8715,2
8716,7
8717,8
8718,4
8719,8
8720,4
8721,8
8722,3
8723,9
8724,6
8725,1
8726,8
8727,1
8728,5
8729,4
8730,7
8731,7
8732,11
8733,6
8734,8
8735,8
8736,3
8737,2
8738,8
8739,1
8740,3
8741,2
8742,7
8743,9
8744,5
8745,7
8746,8
8747,9
8748,3
8749,8
8750,8
8751,5
8752,2
8753,8
8754,3
8755,5
8756,4
8757,2
8758,9
8759,2
8760,1
8761,1
8762,4
8763,1
8764,6
8765,3
8766,10
8767,4
8768,4
8769,4
8770,3
8771,8
8772,5
8773,10
8774,11
8775,10
8776,2
8777,6
8778,3
8779,11
8780,5
8781,4
8782,11
8783,3
8784,6
8785,4
8786,11
8787,2
8788,5
8789,7
8790,11
8791,2
8792,3
8793,11
8794,10
8795,9
8796,7
8797,8
8798,2
8799,4
8800,1
8801,5
8802,7
8803,10
8804,9
8805,10
8806,5
8807,1
8808,1
8809,7
8810,7
8811,9
8812,8
8813,3
8814,4
8815,2
8816,9
8817,11
8818,2
8819,1
8820,1
8821,7
8822,1
8823,9
8824,7
8825,11
8826,5
8827,1
8828,10
8829,10
8830,7
8831,2
8832,7
8833,7
8834,1
8835,10
8836,7
8837,2
8838,8
8839,10
8840,1
8841,2
8842,8
8843,9
8844,1
8845,8
8846,2
8847,8
8848,1
8849,1
8850,3
8851,4
8852,9
8853,10
8854,2
8855,5
8856,5
8857,2
8858,6
8859,8
8860,1
8861,9
8862,10
8863,3
8864,2
8865,10
8866,6
8867,1
8868,2
8869,1
8870,11
8871,3
8872,11
8873,2
8874,8
8875,8
8876,1
8877,10
8878,10
8879,3
8880,10
8881,4
8882,11
8883,5
8884,8
8885,9
8886,5
8887,7
8888,3
8889,10
8890,8
8891,1
8892,8
8893,3
8894,9
8895,7
8896,7
8897,7
8898,4
8899,8
8900,2
8901,9
8902,6
8903,8
8904,2
8905,8
8906,11
8907,10
8908,9
8909,9
8910,1
8911,7
8912,2
8913,1
8914,8
8915,4
8916,9
8917,2
8918,11
8919,5
8920,1
8921,6
8922,2
8923,11
8924,3
8925,7
8926,10
8927,4
8928,7
8929,10
8930,6
8931,9
8932,1
8933,6
8934,1
8935,10
8936,6
8937,2
8938,2
8939,8
8940,1
8941,6
8942,8
8943,7
8944,7
8945,6
8946,4
8947,2
8948,5
8949,2
8950,5
8951,9
8952,8
8953,5
8954,11
8955,9
8956,11
8957,3
8958,8
8959,3
8960,8
8961,3
8962,7
8963,2
8964,9
8965,10
8966,11
8967,9
8968,1
8969,11
8970,1
8971,3
8972,1
8973,5
8974,7
8975,7
8976,9
8977,9
8978,4
8979,2
8980,2
8981,1
8982,6
8983,11
8984,4
8985,2
8986,2
8987,10
8988,10
8989,10
8990,4
8991,11
8992,9
8993,2
8994,7
8995,8
8996,1
8997,2
8998,2
8999,5
9000,8
9001,3
9002,10
9003,9
9004,11
9005,11
9006,7
9007,3
9008,11
9009,9
9010,4
9011,2
9012,6
9013,3
9014,11
9015,3
9016,3
9017,2
9018,7
9019,4
9020,5
9021,5
9022,3
9023,3
9024,4
9025,10
9026,8
9027,2
9028,11
9029,1
9030,5
9031,7
9032,7
9033,1
9034,8
9035,9
9036,1
9037,7
9038,9
9039,3
9040,1
9041,1
9042,7
9043,8
9044,3
9045,4
9046,7
9047,10
9048,6
9049,5
9050,10
9051,2
9052,4
9053,5
9054,9
9055,7
9056,1
9057,10
9058,8
9059,3
9060,11
9061,5
9062,9
9063,10
9064,8
9065,4
9066,5
9067,10
9068,1
9069,10
9070,10
9071,9
9072,1
9073,1
9074,11
9075,9
9076,2
9077,3
9078,8
9079,2
9080,3
9081,9
9082,8
9083,11
9084,10
9085,2
9086,2
9087,5
9088,5
9089,10
9090,2
9091,9
9092,1
9093,5
9094,2
9095,4
9096,6
9097,2
9098,4
9099,4
9100,10
9101,10
9102,4
9103,11
9104,1
9105,11
9106,8
9107,1
9108,8
9109,9
9110,7
9111,2
9112,7
9113,2
9114,2
9115,2
9116,8
9117,10
9118,3
9119,3
9120,6
9121,10
9122,8
9123,4
9124,4
9125,5
9126,1
9127,8
9128,10
9129,9
9130,1
9131,10
9132,3
9133,3
9134,11
9135,7
9136,10
9137,3
9138,9
9139,10
9140,4
9141,3
9142,9
9143,8
9144,5
9145,9
9146,1
9147,7
9148,11
9149,10
9150,5
9151,7
9152,8
9153,6
9154,10
9155,11
9156,7
9157,9
9158,11
9159,11
9160,2
9161,8
9162,1
9163,8
9164,2
9165,11
9166,10
9167,10
9168,8
9169,9
9170,9
9171,1
9172,2
9173,9
9174,11
9175,2
9176,3
9177,8
9178,2
9179,7
9180,6
9181,10
9182,8
9183,5
9184,1
9185,7
9186,10
9187,7
9188,9
9189,8
9190,7
9191,4
9192,1
9193,10
9194,1
9195,10
9196,10
9197,9
9198,11
9199,4
9200,8
9201,11
9202,9
9203,8
9204,10
9205,4
9206,10
9207,3
9208,8
9209,4
9210,2
9211,11
9212,4
9213,1
9214,10
9215,1
9216,8
9217,1
9218,6
9219,4
9220,8
9221,3
9222,7
9223,7
9224,9
9225,8
9226,1
9227,1
9228,2
9229,1
9230,11
9231,2
9232,1
9233,10
9234,2
9235,10
9236,2
9237,7
9238,1
9239,8
9240,2
9241,8
9242,4
9243,5
9244,7
9245,2
9246,2
9247,2
9248,5
9249,2
9250,8
9251,2
9252,8
9253,2
9254,5
9255,10
9256,8
9257,1
9258,11
9259,1
9260,10
9261,9
9262,8
9263,10
9264,4
9265,1
9266,7
9267,3
9268,9
9269,9
9270,2
9271,11
9272,7
9273,11
9274,1
9275,10
9276,2
9277,5
9278,9
9279,4
9280,1
9281,4
9282,8
9283,8
9284,10
9285,3
9286,9
9287,7
9288,10
9289,4
9290,6
9291,8
9292,11
9293,3
9294,5
9295,4
9296,5
9297,6
9298,8
9299,2
9300,10
9301,6
9302,11
9303,1
9304,7
9305,5
9306,8
9307,5
9308,11
9309,2
9310,9
9311,1
9312,1
9313,2
9314,9
9315,10
9316,1
9317,6
9318,1
9319,7
9320,2
9321,9
9322,11
9323,5
9324,8
9325,11
9326,8
9327,4
9328,7
9329,7
9330,2
9331,10
9332,3
9333,2
9334,11
9335,7
9336,9
9337,9
9338,2
9339,8
9340,5
9341,7
9342,1
9343,2
9344,8
9345,9
9346,8
9347,9
9348,7
9349,10
9350,4
9351,7
9352,11
9353,7
9354,2
9355,2
9356,6
9357,5
9358,4
9359,10
9360,8
9361,1
9362,9
9363,2
9364,7
9365,8
9366,2
9367,1
9368,3
9369,1
9370,2
9371,9
9372,8
9373,10
9374,8
9375,1
9376,11
9377,1
9378,5
9379,8
9380,6
9381,1
9382,2
9383,3
9384,11
9385,4
9386,11
9387,8
9388,3
9389,11
9390,2
9391,10
9392,2
9393,9
9394,9
9395,11
9396,3
9397,1
9398,6
9399,11
9400,7
9401,11
9402,7
9403,10
9404,1
9405,7
9406,2
9407,10
9408,4
9409,2
9410,7
9411,8
9412,2
9413,8
9414,8
9415,10
9416,3
9417,9
9418,11
9419,2
9420,9
9421,2
9422,11
9423,8
9424,10
9425,2
9426,10
9427,7
9428,9
9429,4
9430,1
9431,4
9432,10
9433,4
9434,7
9435,11
9436,10
9437,9
9438,3
9439,10
9440,5
9441,5
9442,9
9443,11
9444,9
9445,9
9446,11
9447,6
9448,3
9449,6
9450,10
9451,7
9452,2
9453,2
9454,10
9455,1
9456,1
9457,2
9458,2
9459,7
9460,4
9461,7
9462,1
9463,1
9464,8
9465,1
9466,3
9467,7
9468,2
9469,11
9470,3
9471,4
9472,8
9473,10
9474,10
9475,7
9476,7
9477,11
9478,2
9479,8
9480,3
9481,4
9482,8
9483,4
9484,1
9485,2
9486,1
9487,3
9488,4
9489,9
9490,2
9491,2
9492,6
9493,7
9494,8
9495,1
9496,9
9497,11
9498,2
9499,7
9500,2
9501,7
9502,3
9503,10
9504,4
9505,10
9506,3
9507,2
9508,2
9509,11
9510,8
9511,10
9512,8
9513,2
9514,2
9515,11
9516,11
9517,9
9518,5
9519,8
9520,6
9521,7
9522,4
9523,6
9524,10
9525,2
9526,4
9527,10
9528,9
9529,10
9530,7
9531,2
9532,8
9533,7
9534,10
9535,7
9536,8
9537,8
9538,10
9539,1
9540,1
9541,4
9542,8
9543,9
9544,2
9545,5
9546,1
9547,3
9548,11
9549,1
9550,11
9551,2
9552,3
9553,8
9554,10
9555,8
9556,8
9557,2
9558,2
9559,6
9560,10
9561,3
9562,11
9563,4
9564,1
9565,10
9566,8
9567,2
9568,3
9569,7
9570,9
9571,1
9572,3
9573,4
9574,11
9575,8
9576,10
9577,9
9578,7
9579,4
9580,2
9581,7
9582,4
9583,1
9584,3
9585,11
9586,8
9587,4
9588,2
9589,1
9590,10
9591,1
9592,2
9593,4
9594,11
9595,9
9596,2
9597,6
9598,7
9599,1
9600,11
9601,10
9602,8
9603,5
9604,8
9605,8
9606,8
9607,10
9608,11
9609,8
9610,9
9611,10
9612,9
9613,9
9614,7
9615,9
9616,2
9617,4
9618,4
9619,11
9620,6
9621,1
9622,5
9623,11
9624,6
9625,7
9626,3
9627,9
9628,8
9629,2
9630,2
9631,7
9632,8
9633,8
9634,2
9635,7
9636,11
9637,10
9638,1
9639,1
9640,1
9641,2
9642,11
9643,9
9644,2
9645,9
9646,8
9647,1
9648,7
9649,11
9650,1
9651,3
9652,3
9653,9
9654,8
9655,6
9656,6
9657,8
9658,7
9659,2
9660,3
9661,2
9662,2
9663,1
9664,6
9665,2
9666,11
9667,10
9668,10
9669,3
9670,7
9671,3
9672,8
9673,3
9674,1
9675,2
9676,11
9677,10
9678,1
9679,1
9680,1
9681,10
9682,7
9683,11
9684,3
9685,4
9686,11
9687,7
9688,8
9689,7
9690,9
9691,5
9692,9
9693,4
9694,8
9695,7
9696,5
9697,5
9698,4
9699,7
9700,3
9701,4
9702,2
9703,6
9704,4
9705,10
9706,1
9707,8
9708,1
9709,7
9710,3
9711,11
9712,1
9713,2
9714,2
9715,1
9716,8
9717,11
9718,6
9719,7
9720,8
9721,1
9722,7
9723,1
9724,10
9725,7
9726,9
9727,8
9728,3
9729,9
9730,2
9731,4
9732,2
9733,8
9734,1
9735,7
9736,2
9737,4
9738,3
9739,3
9740,11
9741,1
9742,3
9743,5
9744,3
9745,1
9746,8
9747,8
9748,9
9749,1
9750,1
9751,9
9752,5
9753,3
9754,8
9755,3
9756,3
9757,7
9758,1
9759,11
9760,8
9761,11
9762,4
9763,3
9764,5
9765,11
9766,6
9767,8
9768,5
9769,7
9770,8
9771,3
9772,2
9773,10
9774,5
9775,6
9776,4
9777,8
9778,8
9779,8
9780,6
9781,6
9782,10
9783,10
9784,7
9785,10
9786,10
9787,1
9788,9
9789,3
9790,2
9791,6
9792,6
9793,1
9794,1
9795,6
9796,6
9797,1
9798,6
9799,9
9800,11
9801,1
9802,2
9803,3
9804,10
9805,3
9806,11
9807,2
9808,4
9809,9
9810,8
9811,5
9812,2
9813,5
9814,6
9815,10
9816,1
9817,10
9818,6
9819,8
9820,1
9821,1
9822,11
9823,4
9824,7
9825,2
9826,7
9827,1
9828,7
9829,3
9830,8
9831,2
9832,8
9833,11
9834,4
9835,6
9836,9
9837,4
9838,8
9839,9
9840,7
9841,10
9842,4
9843,9
9844,2
9845,2
9846,1
9847,8
9848,11
9849,5
9850,7
9851,9
9852,7
9853,4
9854,8
9855,1
9856,8
9857,10
9858,7
9859,11
9860,2
9861,10
9862,1
9863,2
9864,11
9865,2
9866,1
9867,7
9868,11
9869,2
9870,8
9871,10
9872,7
9873,10
9874,10
9875,9
9876,10
9877,4
9878,7
9879,1
9880,3
9881,3
9882,7
9883,11
9884,7
9885,11
9886,1
9887,8
9888,9
9889,11
9890,1
9891,7
9892,6
9893,4
9894,4
9895,8
9896,5
9897,10
9898,1
9899,7
9900,6
9901,1
9902,5
9903,8
9904,11
9905,3
9906,9
9907,2
9908,10
9909,11
9910,3
9911,7
9912,8
9913,2
9914,4
9915,1
9916,9
9917,10
9918,11
9919,10
9920,8
9921,7
9922,1
9923,8
9924,1
9925,9
9926,3
9927,9
9928,7
9929,11
9930,7
9931,11
9932,3
9933,8
9934,7
9935,7
9936,1
9937,10
9938,11
9939,1
9940,2
9941,8
9942,10
9943,7
9944,5
9945,3
9946,11
9947,5
9948,11
9949,9
9950,5
9951,2
9952,8
9953,4
9954,7
9955,9
9956,7
9957,11
9958,10
9959,9
9960,8
9961,11
9962,2
9963,1
9964,2
9965,11
9966,11
9967,7
9968,3
9969,7
9970,1
9971,6
9972,6
9973,7
9974,3
9975,2
9976,9
9977,8
9978,7
9979,4
9980,3
9981,2
9982,10
9983,1
9984,5
9985,9
9986,8
9987,8
9988,1
9989,8
9990,3
9991,4
9992,2
9993,9
9994,3
9995,6
9996,1
9997,5
9998,11
9999,9
10000,3
10001,7
10002,6
10003,1
10004,7
10005,5
10006,10
10007,9
10008,1
10009,11
10010,5
10011,11
10012,2
10013,11
10014,2
10015,1
10016,4
10017,1
10018,1
10019,11
10020,8
10021,6
10022,11
10023,7
10024,11
10025,10
10026,4
10027,2
10028,2
10029,2
10030,10
10031,8
10032,1
10033,10
10034,1
10035,7
10036,10
10037,7
10038,9
10039,2
10040,3
10041,1
10042,10
10043,10
10044,10
10045,1
10046,2
10047,8
10048,8
10049,9
10050,5
10051,8
10052,11
10053,10
10054,10
10055,5
10056,7
10057,3
10058,3
10059,8
10060,1
10061,1
10062,10
10063,2
10064,9
10065,8
10066,1
10067,1
10068,8
10069,3
10070,7
10071,1
10072,2
10073,1
10074,6
10075,5
10076,10
10077,4
10078,10
10079,3
10080,4
10081,9
10082,1
10083,8
10084,7
10085,3
10086,11
10087,11
10088,2
10089,4
10090,2
10091,2
10092,3
10093,7
10094,8
10095,8
10096,2
10097,9
10098,3
10099,3
10100,1
10101,2
10102,7
10103,4
10104,7
10105,2
10106,4
10107,8
10108,1
10109,8
10110,9
10111,1
10112,8
10113,4
10114,4
10115,8
10116,8
10117,11
10118,8
10119,7
10120,7
10121,4
10122,8
10123,1
10124,6
10125,8
10126,6
10127,7
10128,10
10129,2
10130,9
10131,5
10132,1
10133,4
10134,2
10135,10
10136,6
10137,4
10138,10
10139,7
10140,6
10141,10
10142,2
10143,10
10144,7
10145,10
10146,7
10147,8
10148,5
10149,8
10150,10
10151,4
10152,2
10153,3
10154,11
10155,6
10156,10
10157,11
10158,3
10159,8
10160,5
10161,11
10162,8
10163,9
10164,2
10165,8
10166,8
10167,7
10168,5
10169,4
10170,7
10171,6
10172,2
10173,9
10174,8
10175,11
10176,7
10177,10
10178,4
10179,5
10180,2
10181,8
10182,5
10183,3
10184,3
10185,3
10186,7
10187,9
10188,8
10189,2
10190,11
10191,9
10192,1
10193,10
10194,4
10195,8
10196,3
10197,7
10198,2
10199,11
10200,1
10201,6
10202,8
10203,11
10204,4
10205,1
10206,9
10207,2
10208,5
10209,11
10210,9
10211,10
10212,1
10213,7
10214,3
10215,3
10216,4
10217,10
10218,11
10219,10
10220,1
10221,11
10222,9
10223,8
10224,11
10225,2
10226,4
10227,8
10228,7
10229,4
10230,11
10231,6
10232,7
10233,7
10234,4
10235,4
10236,5
10237,10
10238,2
10239,9
10240,7
10241,2
10242,2
10243,7
10244,4
10245,4
10246,8
10247,4
10248,9
10249,9
10250,2
10251,11
10252,8
10253,7
10254,7
10255,4
10256,10
10257,10
10258,10
10259,11
10260,1
10261,3
10262,4
10263,1
10264,4
10265,1
10266,10
10267,2
10268,10
10269,7
10270,7
10271,6
10272,2
10273,8
10274,8
10275,1
10276,3
10277,2
10278,1
10279,7
10280,11
10281,1
10282,7
10283,11
10284,1
10285,10
10286,4
10287,8
10288,10
10289,1
10290,4
10291,10
10292,10
10293,4
10294,1
10295,7
10296,6
10297,4
10298,7
10299,2
10300,8
10301,9
10302,10
10303,1
10304,1
10305,6
10306,4
10307,2
10308,7
10309,2
10310,8
10311,8
10312,8
10313,7
10314,8
10315,7
10316,4
10317,2
10318,2
10319,8
10320,8
10321,1
10322,9
10323,6
10324,7
10325,9
10326,4
10327,10
10328,6
10329,4
10330,11
10331,1
10332,11
10333,11
10334,2
10335,2
10336,7
10337,6
10338,4
10339,2
10340,8
10341,2
10342,7
10343,1
10344,9
10345,3
10346,6
10347,1
10348,8
10349,8
10350,3
10351,3
10352,11
10353,4
10354,8
10355,6
10356,2
10357,11
10358,8
10359,6
10360,6
10361,5
10362,10
10363,3
10364,11
10365,9
10366,4
10367,11
10368,11
10369,2
10370,3
10371,7
10372,8
10373,11
10374,7
10375,2
10376,11
10377,8
10378,6
10379,6
10380,9
10381,1
10382,4
10383,10
10384,3
10385,9
10386,9
10387,11
10388,7
10389,8
10390,2
10391,10
10392,11
10393,3
10394,3
10395,1
10396,2
10397,7
10398,6
10399,6
10400,9
10401,10
10402,4
10403,2
10404,1
10405,2
10406,4
10407,2
10408,10
10409,8
10410,3
10411,7
10412,4
10413,8
10414,1
10415,4
10416,5
10417,5
10418,4
10419,4
10420,9
10421,4
10422,8
10423,3
10424,2
10425,7
10426,7
10427,5
10428,10
10429,1
10430,11
10431,4
10432,1
10433,9
10434,5
10435,1
10436,7
10437,4
10438,2
10439,5
10440,9
10441,9
10442,8
10443,8
10444,10
10445,4
10446,4
10447,3
10448,7
10449,1
10450,9
10451,11
10452,2
10453,3
10454,10
10455,9
10456,4
10457,2
10458,8
10459,4
10460,10
10461,6
10462,1
10463,2
10464,8
10465,1
10466,10
10467,8
10468,3
10469,9
10470,2
10471,6
10472,9
10473,9
10474,4
10475,11
10476,5
10477,1
10478,4
10479,9
10480,10
10481,9
10482,10
10483,9
10484,5
10485,11
10486,7
10487,8
10488,8
10489,11
10490,2
10491,7
10492,8
10493,3
10494,2
10495,1
10496,8
10497,7
10498,8
10499,10
10500,2
10501,5
10502,11
10503,1
10504,2
10505,4
10506,2
10507,9
10508,3
10509,10
10510,11
10511,2
10512,2
10513,11
10514,10
10515,4
10516,5
10517,5
10518,1
10519,5
10520,4
10521,3
10522,2
10523,1
10524,2
10525,6
10526,1
10527,3
10528,3
10529,4
10530,2
10531,5
10532,7
10533,8
10534,6
10535,7
10536,10
10537,8
10538,4
10539,5
10540,3
10541,1
10542,11
10543,8
10544,4
10545,11
10546,3
10547,3
10548,11
10549,9
10550,10
10551,10
10552,6
10553,6
10554,7
10555,1
10556,11
10557,11
10558,8
10559,1
10560,10
10561,8
10562,1
10563,11
10564,8
10565,8
10566,8
10567,1
10568,1
10569,2
10570,7
10571,11
10572,6
10573,9
10574,2
10575,3
10576,6
10577,7
10578,10
10579,2
10580,3
10581,8
10582,3
10583,10
10584,11
10585,8
10586,4
10587,4
10588,2
10589,8
10590,10
10591,6
10592,4
10593,10
10594,10
10595,2
10596,9
10597,6
10598,11
10599,11
10600,8
10601,2
10602,2
10603,11
10604,10
10605,11
10606,7
10607,1
10608,8
10609,10
10610,7
10611,7
10612,7
10613,2
10614,1
10615,5
10616,2
10617,1
10618,9
10619,5
10620,8
10621,3
10622,11
10623,1
10624,2
10625,11
10626,4
10627,2
10628,4
10629,2
10630,9
10631,5
10632,9
10633,6
10634,8
10635,4
10636,6
10637,7
10638,3
10639,4
10640,8
10641,11
10642,9
10643,7
10644,10
10645,8
10646,8
10647,6
10648,11
10649,7
10650,3
10651,7
10652,8
10653,8
10654,5
10655,9
10656,8
10657,1
10658,2
10659,4
10660,4
10661,1
10662,8
10663,1
10664,10
10665,3
10666,1
10667,11
10668,5
10669,5
10670,7
10671,5
10672,9
10673,3
10674,5
10675,6
10676,11
10677,6
10678,9
10679,11
10680,4
10681,8
10682,3
10683,2
10684,4
10685,10
10686,1
10687,1
10688,2
10689,8
10690,7
10691,5
10692,7
10693,8
10694,1
10695,7
10696,2
10697,5
10698,8
10699,3
10700,11
10701,2
10702,7
10703,2
10704,4
10705,2
10706,8
10707,2
10708,5
10709,7
10710,8
10711,8
10712,3
10713,6
10714,8
10715,3
10716,11
10717,7
10718,2
10719,8
10720,1
10721,11
10722,3
10723,11
10724,10
10725,5
10726,2
10727,7
10728,1
10729,8
10730,8
10731,8
10732,2
10733,8
10734,6
10735,11
10736,4
10737,4
10738,11
10739,10
10740,7
10741,1
10742,4
10743,9
10744,2
10745,3
10746,11
10747,4
10748,7
10749,8
10750,1
10751,11
10752,1
10753,1
10754,2
10755,11
10756,5
10757,9
10758,7
10759,2
10760,7
10761,2
10762,3
10763,7
10764,7
10765,7
10766,9
10767,8
10768,2
10769,6
10770,7
10771,3
10772,4
10773,1
10774,11
10775,2
10776,3
10777,9
10778,1
10779,4
10780,6
10781,1
10782,11
10783,3
10784,2
10785,8
10786,2
10787,8
10788,6
10789,1
10790,11
10791,4
10792,3
10793,9
10794,2
10795,9
10796,7
10797,1
10798,4
10799,2
10800,2
10801,7
10802,4
10803,1
10804,1
10805,2
10806,9
10807,10
10808,3
10809,4
10810,8
10811,2
10812,10
10813,7
10814,9
10815,3
10816,9
10817,7
10818,1
10819,9
10820,2
10821,3
10822,9
10823,9
10824,9
10825,4
10826,7
10827,11
10828,1
10829,3
10830,7
10831,8
10832,11
10833,4
10834,10
10835,1
10836,5
10837,7
10838,6
10839,8
10840,1
10841,9
10842,2
10843,8
10844,10
10845,2
10846,5
10847,10
10848,8
10849,1
10850,8
10851,2
10852,9
10853,5
10854,10
10855,5
10856,6
10857,3
10858,10
10859,10
10860,4
10861,1
10862,2
10863,5
10864,10
10865,7
10866,7
10867,3
10868,10
10869,2
10870,10
10871,4
10872,8
10873,1
10874,1
10875,11
10876,8
10877,7
10878,9
10879,8
10880,8
10881,4
10882,10
10883,3
10884,1
10885,11
10886,4
10887,8
10888,10
10889,8
10890,3
10891,7
10892,3
10893,7
10894,10
10895,9
10896,2
10897,7
10898,5
10899,10
10900,9
10901,2
10902,8
10903,8
10904,7
10905,2
10906,8
10907,3
10908,7
10909,6
10910,3
10911,7
10912,4
10913,10
10914,2
10915,8
10916,7
10917,1
10918,6
10919,5
10920,3
10921,2
10922,1
10923,10
10924,2
10925,7
10926,8
10927,7
10928,9
10929,3
10930,4
10931,9
10932,2
10933,6
10934,10
10935,11
10936,2
10937,2
10938,4
10939,3
10940,11
10941,7
10942,11
10943,11
10944,4
10945,11
10946,8
10947,3
10948,9
10949,1
10950,10
10951,10
10952,10
10953,1
10954,11
10955,1
10956,2
10957,11
10958,1
10959,9
10960,10
10961,10
10962,1
10963,11
10964,2
10965,6
10966,1
10967,10
10968,11
10969,11
10970,7
10971,7
10972,3
10973,4
10974,4
10975,9
10976,1
10977,4
10978,9
10979,4
10980,11
10981,1
10982,2
10983,7
10984,7
10985,9
10986,10
10987,8
10988,1
10989,2
10990,7
10991,5
10992,11
10993,8
10994,5
10995,9
10996,10
10997,6
10998,2
10999,7
11000,3
11001,10
11002,11
11003,8
11004,1
11005,2
11006,1
11007,10
11008,7
11009,7
11010,8
11011,3
11012,1
11013,7
11014,11
11015,4
11016,6
11017,11
11018,3
11019,11
11020,8
11021,7
11022,1
11023,1
11024,9
11025,5
11026,8
11027,11
11028,11
11029,8
11030,8
11031,8
11032,2
11033,8
11034,1
11035,4
11036,4
11037,9
11038,7
11039,9
11040,2
11041,4
11042,11
11043,5
11044,9
11045,10
11046,4
11047,3
11048,9
11049,1
11050,4
11051,3
11052,8
11053,10
11054,6
11055,5
11056,1
11057,3
11058,7
11059,3
11060,3
11061,1
11062,11
11063,9
11064,5
11065,1
11066,7
11067,10
11068,10
11069,7
11070,5
11071,10
11072,6
11073,7
11074,5
11075,3
11076,8
11077,5
11078,8
11079,7
11080,10
11081,3
11082,3
11083,5
11084,7
11085,5
11086,7
11087,9
11088,11
11089,4
11090,7
11091,5
11092,3
11093,7
11094,11
11095,10
11096,6
11097,2
11098,10
11099,2
11100,7
11101,2
11102,2
11103,6
11104,9
11105,3
11106,4
11107,2
11108,6
11109,4
11110,10
11111,3
11112,1
11113,5
11114,9
11115,10
11116,2
11117,2
11118,4
11119,3
11120,10
11121,8
11122,8
11123,10
11124,7
11125,10
11126,9
11127,1
11128,10
11129,11
11130,10
11131,9
11132,1
11133,5
11134,2
11135,7
11136,7
11137,4
11138,10
11139,10
11140,1
11141,2
11142,8
11143,8
11144,7
11145,4
11146,4
11147,11
11148,8
11149,8
11150,7
11151,8
11152,10
11153,8
11154,1
11155,7
11156,8
11157,2
11158,9
11159,1
11160,4
11161,3
11162,2
11163,7
11164,7
11165,2
11166,8
11167,9
11168,10
11169,2
11170,3
11171,10
11172,11
11173,1
11174,11
11175,8
11176,1
11177,1
11178,2
11179,9
11180,10
11181,6
11182,2
11183,2
11184,10
11185,6
11186,7
11187,4
11188,10
11189,11
11190,5
11191,8
11192,8
11193,11
11194,2
11195,7
11196,4
11197,8
11198,6
11199,4
11200,3
11201,9
11202,1
11203,10
11204,11
11205,3
11206,2
11207,1
11208,4
11209,2
11210,2
11211,3
11212,7
11213,10
11214,10
11215,10
11216,7
11217,3
11218,8
11219,7
11220,4
11221,5
11222,4
11223,10
11224,10
11225,8
11226,11
11227,6
11228,9
11229,11
11230,8
11231,8
11232,2
11233,2
11234,11
11235,3
11236,9
11237,10
11238,11
11239,2
11240,8
11241,8
11242,7
11243,8
11244,2
11245,8
11246,10
11247,7
11248,10
11249,2
11250,9
11251,9
11252,2
11253,9
11254,8
11255,3
11256,10
11257,3
11258,1
11259,6
11260,9
11261,9
11262,11
11263,9
11264,5
11265,5
11266,5
11267,10
11268,9
11269,9
11270,4
11271,7
11272,5
11273,2
11274,2
11275,8
11276,10
11277,10
11278,2
11279,8
11280,1
11281,10
11282,4
11283,6
11284,2
11285,3
11286,9
11287,8
11288,5
11289,9
11290,8
11291,2
11292,2
11293,11
11294,7
11295,3
11296,9
11297,5
11298,3
11299,6
11300,1
11301,9
11302,10
11303,9
11304,7
11305,3
11306,2
11307,3
11308,9
11309,7
11310,8
11311,5
11312,3
11313,1
11314,1
11315,11
11316,2
11317,6
11318,4
11319,10
11320,3
11321,4
11322,8
11323,1
11324,7
11325,8
11326,7
11327,2
11328,9
11329,5
11330,2
11331,8
11332,4
11333,2
11334,2
11335,9
11336,7
11337,4
11338,3
11339,8
11340,8
11341,2
11342,7
11343,11
11344,5
11345,9
11346,2
11347,10
11348,2
11349,9
11350,10
11351,10
11352,7
11353,8
11354,2
11355,10
11356,3
11357,1
11358,10
11359,4
11360,1
11361,11
11362,7
11363,8
11364,2
11365,1
11366,2
11367,1
11368,10
11369,10
11370,6
11371,10
11372,3
11373,8
11374,11
11375,10
11376,6
11377,4
11378,10
11379,10
11380,3
11381,10
11382,2
11383,10
11384,10
11385,2
11386,1
11387,9
11388,7
11389,1
11390,9
11391,8
11392,10
11393,11
11394,1
11395,10
11396,8
11397,3
11398,2
11399,7
11400,10
11401,10
11402,10
11403,10
11404,5
11405,8
11406,3
11407,5
11408,8
11409,8
11410,9
11411,2
11412,9
11413,1
11414,5
11415,3
11416,2
11417,3
11418,5
11419,9
11420,7
11421,4
11422,5
11423,10
11424,11
11425,8
11426,8
11427,5
11428,8
11429,2
11430,8
11431,10
11432,4
11433,4
11434,6
11435,4
11436,3
11437,10
11438,7
11439,10
11440,2
11441,4
11442,2
11443,8
11444,3
11445,3
11446,8
11447,7
11448,11
11449,10
11450,2
11451,2
11452,2
11453,11
11454,1
11455,7
11456,2
11457,2
11458,10
11459,10
11460,1
11461,1
11462,3
11463,4
11464,2
11465,10
11466,11
11467,11
11468,3
11469,6
11470,4
11471,7
11472,1
11473,6
11474,3
11475,9
11476,10
11477,8
11478,1
11479,11
11480,2
11481,5
11482,11
11483,10
11484,1
11485,3
11486,2
11487,10
11488,9
11489,8
11490,7
11491,8
11492,6
11493,7
11494,1
11495,1
11496,9
11497,5
11498,10
11499,8
11500,2
11501,11
11502,8
11503,9
11504,6
11505,9
11506,1
11507,11
11508,7
11509,8
11510,9
11511,2
11512,1
11513,11
11514,8
11515,6
11516,2
11517,4
11518,9
11519,1
11520,9
11521,11
11522,5
11523,8
11524,7
11525,9
11526,8
11527,9
11528,11
11529,7
11530,9
11531,11
11532,10
11533,7
11534,3
11535,3
11536,5
11537,11
11538,11
11539,2
11540,8
11541,1
11542,11
11543,4
11544,4
11545,9
11546,4
11547,4
11548,7
11549,1
11550,1
11551,11
11552,8
11553,7
11554,8
11555,10
11556,11
11557,10
11558,2
11559,6
11560,2
11561,9
11562,10
11563,1
11564,6
11565,10
11566,2
11567,7
11568,7
11569,9
11570,7
11571,5
11572,11
11573,1
11574,8
11575,7
11576,1
11577,2
11578,4
11579,1
11580,9
11581,1
11582,10
11583,2
11584,8
11585,10
11586,11
11587,2
11588,10
11589,1
11590,7
11591,2
11592,8
11593,5
11594,2
11595,2
11596,2
11597,8
11598,9
11599,10
11600,3
11601,3
11602,2
11603,8
11604,9
11605,3
11606,2
11607,11
11608,2
11609,3
11610,5
11611,10
11612,3
11613,7
11614,6
11615,9
11616,8
11617,3
11618,4
11619,2
11620,2
11621,2
11622,8
11623,2
11624,1
11625,2
11626,2
11627,5
11628,8
11629,10
11630,10
11631,9
11632,7
11633,3
11634,1
11635,9
11636,2
11637,7
11638,11
11639,4
11640,10
11641,4
11642,3
11643,8
11644,7
11645,3
11646,2
11647,6
11648,9
11649,9
11650,3
11651,7
11652,9
11653,11
11654,9
11655,4
11656,1
11657,3
11658,9
11659,7
11660,7
11661,7
11662,11
11663,11
11664,10
11665,5
11666,5
11667,7
11668,11
11669,9
11670,4
11671,3
11672,3
11673,4
11674,2
11675,4
11676,1
11677,11
11678,1
11679,10
11680,8
11681,7
11682,8
11683,2
11684,11
11685,10
11686,11
11687,9
11688,1
11689,11
11690,2
11691,4
11692,1
11693,8
11694,1
11695,7
11696,4
11697,2
11698,11
11699,8
11700,4
11701,1
11702,5
11703,7
11704,7
11705,7
11706,1
11707,6
11708,4
11709,7
11710,11
11711,2
11712,8
11713,2
11714,3
11715,9
11716,7
11717,1
11718,1
11719,2
11720,8
11721,6
11722,8
11723,10
11724,1
11725,10
11726,11
11727,4
11728,6
11729,1
11730,9
11731,2
11732,2
11733,10
11734,10
11735,7
11736,5
11737,8
11738,8
11739,2
11740,5
11741,3
11742,6
11743,6
11744,10
11745,3
11746,3
11747,5
11748,1
11749,4
11750,4
11751,9
11752,5
11753,1
11754,5
11755,8
11756,10
11757,9
11758,7
11759,6
11760,1
11761,8
11762,1
11763,1
11764,2
11765,1
11766,1
11767,9
11768,11
11769,7
11770,5
11771,9
11772,2
11773,2
11774,10
11775,9
11776,7
11777,5
11778,10
11779,7
11780,1
11781,3
11782,8
11783,2
11784,4
11785,9
11786,11
11787,9
11788,1
11789,8
11790,7
11791,3
11792,8
11793,8
11794,6
11795,5
11796,8
11797,7
11798,2
11799,10
11800,1
11801,3
11802,7
11803,11
11804,9
11805,8
11806,5
11807,7
11808,7
11809,8
11810,8
11811,2
11812,9
11813,10
11814,2
11815,8
11816,8
11817,2
11818,9
11819,7
11820,8
11821,11
11822,3
11823,4
11824,10
11825,3
11826,1
11827,6
11828,3
11829,3
11830,10
11831,8
11832,7
11833,1
11834,11
11835,2
11836,2
11837,7
11838,8
11839,4
11840,8
11841,9
11842,1
11843,1
11844,2
11845,10
11846,6
11847,10
11848,11
11849,8
11850,1
11851,6
11852,10
11853,8
11854,7
11855,3
11856,10
11857,10
11858,1
11859,9
11860,7
11861,10
11862,2
11863,11
11864,9
11865,4
11866,4
11867,8
11868,1
11869,11
11870,7
11871,7
11872,1
11873,9
11874,10
11875,10
11876,4
11877,7
11878,6
11879,9
11880,7
11881,1
11882,10
11883,11
11884,11
11885,11
11886,9
11887,1
11888,3
11889,9
11890,2
11891,8
11892,10
11893,8
11894,10
11895,1
11896,2
11897,8
11898,2
11899,10
11900,10
11901,5
11902,1
11903,2
11904,7
11905,3
11906,5
11907,5
11908,8
11909,7
11910,3
11911,1
11912,10
11913,1
11914,1
11915,10
11916,9
11917,9
11918,3
11919,4
11920,9
11921,3
11922,4
11923,7
11924,8
11925,11
11926,4
11927,4
11928,2
11929,4
11930,4
11931,10
11932,10
11933,8
11934,9
11935,4
11936,11
11937,7
11938,7
11939,2
11940,11
11941,10
11942,11
11943,7
11944,2
11945,1
11946,4
11947,2
11948,8
11949,2
11950,8
11951,8
11952,1
11953,4
11954,8
11955,1
11956,9
11957,7
11958,5
11959,4
11960,5
11961,10
11962,10
11963,1
11964,5
11965,2
11966,3
11967,9
11968,1
11969,1
11970,1
11971,10
11972,2
11973,1
11974,11
11975,2
11976,8
11977,7
11978,9
11979,1
11980,1
11981,3
11982,1
11983,10
11984,10
11985,10
11986,6
11987,6
11988,2
11989,1
11990,7
11991,4
11992,10
11993,7
11994,7
11995,7
11996,2
11997,9
11998,9
11999,4
12000,3
12001,6
12002,11
12003,6
12004,8
12005,9
12006,8
12007,3
12008,5
12009,2
12010,4
12011,4
12012,3
12013,3
12014,2
12015,8
12016,1
12017,4
12018,2
12019,3
12020,5
12021,4
12022,7
12023,7
12024,8
12025,2
12026,5
12027,2
12028,3
12029,2
12030,8
12031,11
12032,9
12033,2
12034,11
12035,1
12036,9
12037,6
12038,7
12039,6
12040,11
12041,4
12042,1
12043,2
12044,10
12045,7
12046,8
12047,2
12048,2
12049,10
12050,11
12051,6
12052,2
12053,8
12054,10
12055,10
12056,5
12057,8
12058,9
12059,7
12060,7
12061,8
12062,9
12063,9
12064,11
12065,6
12066,2
12067,2
12068,2
12069,2
12070,9
12071,2
12072,7
12073,4
12074,9
12075,2
12076,11
12077,11
12078,9
12079,6
12080,8
12081,1
12082,4
12083,11
12084,9
12085,5
12086,10
12087,3
12088,11
12089,1
12090,4
12091,8
12092,6
12093,7
12094,11
12095,7
12096,8
12097,8
12098,11
12099,1
12100,1
12101,6
12102,11
12103,11
12104,2
12105,7
12106,9
12107,10
12108,7
12109,7
12110,5
12111,5
12112,2
12113,11
12114,11
12115,10
12116,9
12117,8
12118,10
12119,10
12120,9
12121,9
12122,11
12123,5
12124,10
12125,2
12126,4
12127,1
12128,11
12129,7
12130,8
12131,4
12132,7
12133,3
12134,8
12135,8
12136,8
12137,7
12138,2
12139,2
12140,7
12141,3
12142,11
12143,3
12144,9
12145,1
12146,5
12147,8
12148,7
12149,9
12150,10
12151,6
12152,10
12153,8
12154,4
12155,10
12156,3
12157,9
12158,1
12159,1
12160,1
12161,4
12162,1
12163,11
12164,9
12165,1
12166,10
12167,11
12168,6
12169,8
12170,3
12171,10
12172,1
12173,9
12174,10
12175,4
12176,9
12177,10
12178,1
12179,2
12180,2
12181,7
12182,2
12183,8
12184,10
12185,3
12186,10
12187,11
12188,8
12189,6
12190,5
12191,7
12192,8
12193,1
12194,7
12195,9
12196,1
12197,9
12198,11
12199,11
12200,4
12201,2
12202,4
12203,7
12204,9
12205,2
12206,3
12207,3
12208,6
12209,7
12210,9
12211,8
12212,11
12213,10
12214,5
12215,7
12216,9
12217,1
12218,8
12219,10
12220,3
12221,4
12222,2
12223,1
12224,10
12225,2
12226,2
12227,6
12228,10
12229,2
12230,4
12231,4
12232,2
12233,8
12234,8
12235,3
12236,5
12237,7
12238,10
12239,7
12240,4
12241,1
12242,7
12243,7
12244,3
12245,1
12246,9
12247,6
12248,10
12249,10
12250,5
12251,6
12252,2
12253,6
12254,11
12255,8
12256,8
12257,9
12258,1
12259,4
12260,3
12261,8
12262,5
12263,7
12264,8
12265,6
12266,2
12267,9
12268,6
12269,6
12270,7
12271,2
12272,10
12273,2
12274,6
12275,2
12276,2
12277,1
12278,1
12279,4
12280,2
12281,5
12282,4
12283,1
12284,11
12285,10
12286,2
12287,6
12288,9
12289,8
12290,8
12291,9
12292,8
12293,3
12294,11
12295,2
12296,2
12297,9
12298,8
12299,11
12300,9
12301,1
12302,8
12303,5
12304,11
12305,1
12306,11
12307,11
12308,10
12309,11
12310,5
12311,8
12312,7
12313,9
12314,10
12315,9
12316,7
12317,11
12318,1
12319,11
12320,8
12321,8
12322,10
12323,8
12324,3
12325,11
12326,3
12327,10
12328,2
12329,2
12330,2
12331,7
12332,2
12333,7
12334,2
12335,8
12336,1
12337,9
12338,1
12339,10
12340,3
12341,1
12342,1
12343,11
12344,10
12345,7
12346,2
12347,3
12348,11
12349,5
12350,8
12351,10
12352,7
12353,8
12354,10
12355,6
12356,9
12357,7
12358,11
12359,1
12360,10
12361,7
12362,7
12363,10
12364,11
12365,1
12366,2
12367,7
12368,8
12369,8
12370,11
12371,3
12372,2
12373,2
12374,1
12375,7
12376,6
12377,10
12378,2
12379,11
12380,8
12381,1
12382,2
12383,1
12384,2
12385,10
12386,1
12387,11
12388,8
12389,3
12390,8
12391,1
12392,9
12393,1
12394,4
12395,11
12396,1
12397,10
12398,4
12399,7
12400,4
12401,8
12402,6
12403,6
12404,8
12405,10
12406,8
12407,10
12408,2
12409,7
12410,9
12411,1
12412,11
12413,10
12414,11
12415,4
12416,2
12417,9
12418,4
12419,6
12420,4
12421,1
12422,2
12423,3
12424,2
12425,6
12426,2
12427,7
12428,5
12429,1
12430,11
12431,3
12432,4
12433,7
12434,3
12435,8
12436,2
12437,11
12438,8
12439,3
12440,9
12441,9
12442,2
12443,2
12444,4
12445,7
12446,7
12447,11
12448,9
12449,8
12450,3
12451,5
12452,6
12453,2
12454,3
12455,5
12456,7
12457,11
12458,7
12459,11
12460,2
12461,10
12462,4
12463,5
12464,1
12465,11
12466,1
12467,9
12468,5
12469,11
12470,1
12471,11
12472,10
12473,10
12474,1
12475,6
12476,11
12477,8
12478,9
12479,7
12480,2
12481,4
12482,7
12483,3
12484,2
12485,3
12486,9
12487,7
12488,10
12489,10
12490,11
12491,5
12492,10
12493,1
12494,2
12495,8
12496,7
12497,2
12498,8
12499,10
12500,9
12501,8
12502,11
12503,11
12504,1
12505,5
12506,5
12507,3
12508,4
12509,8
12510,8
12511,2
12512,8
12513,7
12514,11
12515,8
12516,1
12517,10
12518,3
12519,5
12520,11
12521,9
12522,4
12523,5
12524,6
12525,8
12526,7
12527,8
12528,3
12529,8
12530,1
12531,11
12532,8
12533,2
12534,2
12535,7
12536,8
12537,8
12538,2
12539,7
12540,2
12541,3
12542,9
12543,3
12544,9
12545,11
12546,10
12547,7
12548,6
12549,7
12550,11
12551,2
12552,1
12553,2
12554,6
12555,1
12556,10
12557,10
12558,7
12559,8
12560,8
12561,1
12562,11
12563,9
12564,7
12565,6
12566,3
12567,6
12568,11
12569,4
12570,11
12571,6
12572,10
12573,10
12574,11
12575,11
12576,2
12577,3
12578,7
12579,11
12580,1
12581,7
12582,10
12583,3
12584,8
12585,1
12586,6
12587,2
12588,9
12589,8
12590,3
12591,9
12592,9
12593,10
12594,9
12595,10
12596,2
12597,11
12598,11
12599,6
12600,2
12601,7
12602,1
12603,11
12604,9
12605,10
12606,1
12607,10
12608,7
12609,11
12610,11
12611,1
12612,10
12613,10
12614,1
12615,9
12616,7
12617,8
12618,11
12619,5
12620,10
12621,2
12622,10
12623,8
12624,4
12625,9
12626,11
12627,2
12628,10
12629,3
12630,8
12631,11
12632,9
12633,5
12634,9
12635,2
12636,3
12637,11
12638,3
12639,9
12640,5
12641,6
12642,11
12643,9
12644,7
12645,4
12646,9
12647,8
12648,3
12649,9
12650,3
12651,10
12652,7
12653,9
12654,11
12655,8
12656,1
12657,9
12658,5
12659,10
12660,9
12661,8
12662,10
12663,5
12664,6
12665,8
12666,9
12667,5
12668,9
12669,11
12670,8
12671,6
12672,3
12673,1
12674,8
12675,2
12676,3
12677,2
12678,2
12679,4
12680,8
12681,11
12682,10
12683,3
12684,9
12685,2
12686,3
12687,9
12688,10
12689,5
12690,10
12691,8
12692,6
12693,10
12694,9
12695,7
12696,5
12697,8
12698,5
12699,1
12700,5
12701,7
12702,6
12703,10
12704,7
12705,2
12706,10
12707,1
12708,11
12709,8
12710,9
12711,9
12712,7
12713,11
12714,7
12715,8
12716,8
12717,8
12718,9
12719,2
12720,4
12721,1
12722,9
12723,10
12724,8
12725,6
12726,1
12727,2
12728,9
12729,1
12730,3
12731,10
12732,2
12733,11
12734,11
12735,9
12736,8
12737,10
12738,2
12739,7
12740,5
12741,9
12742,7
12743,11
12744,1
12745,8
12746,4
12747,2
12748,11
12749,7
12750,10
12751,3
12752,11
12753,4
12754,3
12755,9
12756,7
12757,3
12758,2
12759,11
12760,10
12761,6
12762,3
12763,1
12764,6
12765,7
12766,7
12767,5
12768,10
12769,9
12770,2
12771,2
12772,8
12773,2
12774,3
12775,2
12776,3
12777,1
12778,9
12779,9
12780,5
12781,8
12782,5
12783,11
12784,9
12785,3
12786,10
12787,10
12788,2
12789,2
12790,9
12791,1
12792,10
12793,3
12794,1
12795,8
12796,2
12797,4
12798,7
12799,2
12800,1
12801,8
12802,6
12803,2
12804,8
12805,10
12806,3
12807,1
12808,1
12809,5
12810,6
12811,11
12812,2
12813,9
12814,10
12815,1
12816,11
12817,7
12818,1
12819,8
12820,3
12821,2
12822,6
12823,2
12824,5
12825,3
12826,9
12827,1
12828,8
12829,8
12830,2
12831,8
12832,5
12833,7
12834,11
12835,7
12836,2
12837,11
12838,1
12839,10
12840,3
12841,2
12842,5
12843,2
12844,5
12845,7
12846,7
12847,8
12848,10
12849,1
12850,11
12851,8
12852,3
12853,9
12854,10
12855,2
12856,4
12857,7
12858,1
12859,1
12860,5
12861,1
12862,8
12863,10
12864,3
12865,7
12866,10
12867,1
12868,9
12869,1
12870,11
12871,11
12872,1
12873,8
12874,1
12875,10
12876,8
12877,3
12878,8
12879,11
12880,3
12881,1
12882,3
12883,9
12884,11
12885,7
12886,1
12887,10
12888,9
12889,9
12890,9
12891,11
12892,11
12893,7
12894,4
12895,5
12896,2
12897,11
12898,1
12899,4
12900,9
12901,9
12902,4
12903,7
12904,11
12905,7
12906,5
12907,7
12908,3
12909,8
12910,10
12911,2
12912,2
12913,8
12914,5
12915,9
12916,3
12917,9
12918,4
12919,2
12920,9
12921,9
12922,9
12923,8
12924,3
12925,7
12926,3
12927,9
12928,3
12929,10
12930,3
12931,8
12932,2
12933,4
12934,3
12935,8
12936,7
12937,7
12938,6
12939,7
12940,4
12941,3
12942,1
12943,7
12944,4
12945,6
12946,8
12947,2
12948,2
12949,2
12950,1
12951,7
12952,2
12953,8
12954,10
12955,5
12956,10
12957,9
12958,8
12959,2
12960,2
12961,8
12962,6
12963,6
12964,10
12965,4
12966,7
12967,2
12968,8
12969,1
12970,11
12971,6
12972,11
12973,1
12974,10
12975,9
12976,8
12977,10
12978,9
12979,4
12980,7
12981,3
12982,10
12983,1
12984,8
12985,8
12986,9
12987,7
12988,8
12989,7
12990,11
12991,3
12992,6
12993,5
12994,11
12995,8
12996,1
12997,10
12998,4
12999,2
13000,11
13001,9
13002,11
13003,4
13004,2
13005,11
13006,3
13007,4
13008,7
13009,8
13010,1
13011,8
13012,11
13013,1
13014,1
13015,9
13016,11
13017,7
13018,9
13019,9
13020,4
13021,7
13022,1
13023,10
13024,3
13025,7
13026,7
13027,6
13028,5
13029,2
13030,3
13031,1
13032,10
13033,8
13034,4
13035,10
13036,3
13037,5
13038,3
13039,4
13040,11
13041,11
13042,8
13043,1
13044,10
13045,5
13046,6
13047,10
13048,1
13049,6
13050,7
13051,7
13052,11
13053,10
13054,9
13055,11
13056,4
13057,4
13058,11
13059,9
13060,4
13061,4
13062,10
13063,2
13064,5
13065,10
13066,1
13067,9
13068,7
13069,9
13070,6
13071,8
13072,11
13073,4
13074,1
13075,8
13076,2
13077,10
13078,8
13079,1
13080,3
13081,1
13082,6
13083,7
13084,11
13085,8
13086,9
13087,7
13088,2
13089,4
13090,11
13091,3
13092,5
13093,7
13094,5
13095,10
13096,2
13097,9
13098,2
13099,5
13100,2
13101,9
13102,1
13103,9
13104,6
13105,6
13106,7
13107,10
13108,8
13109,11
13110,8
13111,4
13112,1
13113,7
13114,4
13115,8
13116,6
13117,3
13118,2
13119,9
13120,3
13121,6
13122,11
13123,7
13124,6
13125,11
13126,7
13127,1
13128,3
13129,9
13130,8
13131,8
13132,4
13133,9
13134,9
13135,2
13136,10
13137,11
13138,1
13139,2
13140,10
13141,3
13142,4
13143,8
13144,6
13145,11
13146,3
13147,10
13148,11
13149,9
13150,7
13151,3
13152,10
13153,10
13154,10
13155,10
13156,10
13157,1
13158,2
13159,3
13160,7
13161,10
13162,7
13163,7
13164,10
13165,3
13166,11
13167,10
13168,8
13169,8
13170,7
13171,7
13172,8
13173,8
13174,10
13175,11
13176,11
13177,7
13178,10
13179,8
13180,7
13181,11
13182,4
13183,6
13184,2
13185,3
13186,11
13187,4
13188,2
13189,11
13190,2
13191,9
13192,10
13193,11
13194,7
13195,11
13196,1
13197,2
13198,8
13199,11
13200,3
13201,8
13202,4
13203,4
13204,1
13205,9
13206,3
13207,8
13208,9
13209,11
13210,8
13211,7
13212,11
13213,4
13214,7
13215,8
13216,9
13217,9
13218,1
13219,8
13220,7
13221,3
13222,2
13223,3
13224,6
13225,9
13226,2
13227,10
13228,10
13229,4
13230,9
13231,4
13232,1
13233,7
